latitude,longitude,elevation,utc_offset_seconds,timezone,timezone_abbreviation
51.493847,-0.1630249,1.0,3600,Europe/London,GMT+1

time,temperature_2m (Â°C),precipitation (mm),rain (mm),snowfall (cm),wind_speed_10m (km/h),wind_gusts_10m (km/h),cloud_cover (%)
2025-03-10T00:00,8.7,0.00,0.00,0.00,6.9,15.8,97
2025-03-10T01:00,8.6,0.00,0.00,0.00,6.4,14.0,29
2025-03-10T02:00,8.8,0.00,0.00,0.00,7.3,14.8,99
2025-03-10T03:00,8.4,0.00,0.00,0.00,7.5,14.8,99
2025-03-10T04:00,8.0,0.00,0.00,0.00,7.1,14.8,11
2025-03-10T05:00,7.4,0.00,0.00,0.00,7.8,15.1,98
2025-03-10T06:00,7.5,0.00,0.00,0.00,7.5,16.6,100
2025-03-10T07:00,7.5,0.00,0.00,0.00,8.1,16.6,100
2025-03-10T08:00,7.3,0.10,0.10,0.00,8.0,17.6,100
2025-03-10T09:00,7.5,0.20,0.20,0.00,7.8,16.9,100
2025-03-10T10:00,7.9,0.00,0.00,0.00,6.2,17.3,100
2025-03-10T11:00,8.7,0.00,0.00,0.00,5.3,13.3,100
2025-03-10T12:00,9.7,0.10,0.10,0.00,6.2,16.9,100
2025-03-10T13:00,10.7,0.00,0.00,0.00,5.4,15.8,100
2025-03-10T14:00,12.0,0.00,0.00,0.00,9.1,23.0,89
2025-03-10T15:00,12.9,0.00,0.00,0.00,9.3,23.8,85
2025-03-10T16:00,13.9,0.00,0.00,0.00,11.3,27.0,57
2025-03-10T17:00,13.5,0.00,0.00,0.00,12.7,29.9,94
2025-03-10T18:00,12.3,0.00,0.00,0.00,11.9,29.2,100
2025-03-10T19:00,10.7,0.00,0.00,0.00,13.7,30.6,100
2025-03-10T20:00,9.4,0.00,0.00,0.00,14.7,32.8,80
2025-03-10T21:00,8.1,0.00,0.00,0.00,13.5,33.1,72
2025-03-10T22:00,7.2,0.00,0.00,0.00,11.1,29.9,100
2025-03-10T23:00,7.0,0.00,0.00,0.00,10.9,24.1,100
2025-03-11T00:00,6.8,0.00,0.00,0.00,12.0,26.3,100
2025-03-11T01:00,6.9,0.00,0.00,0.00,13.8,30.2,100
2025-03-11T02:00,6.8,0.10,0.10,0.00,14.8,33.1,100
2025-03-11T03:00,6.6,0.10,0.10,0.00,14.3,33.5,100
2025-03-11T04:00,6.3,0.10,0.10,0.00,14.0,32.0,100
2025-03-11T05:00,5.9,0.00,0.00,0.00,14.6,33.1,100
2025-03-11T06:00,5.9,0.00,0.00,0.00,14.0,33.1,100
2025-03-11T07:00,5.9,0.00,0.00,0.00,12.8,32.0,100
2025-03-11T08:00,5.9,0.00,0.00,0.00,11.8,28.8,100
2025-03-11T09:00,6.1,0.00,0.00,0.00,14.4,38.5,53
2025-03-11T10:00,6.5,0.00,0.00,0.00,15.8,38.2,100
2025-03-11T11:00,7.0,0.00,0.00,0.00,17.2,43.2,100
2025-03-11T12:00,7.1,0.00,0.00,0.00,15.2,41.0,100
2025-03-11T13:00,7.4,0.00,0.00,0.00,15.7,37.4,100
2025-03-11T14:00,7.7,0.00,0.00,0.00,15.0,37.4,100
2025-03-11T15:00,8.2,0.10,0.10,0.00,15.2,36.0,100
2025-03-11T16:00,8.3,0.00,0.00,0.00,15.3,36.7,78
2025-03-11T17:00,7.9,0.00,0.00,0.00,13.7,36.0,100
2025-03-11T18:00,7.2,0.00,0.00,0.00,10.5,36.0,100
2025-03-11T19:00,6.6,0.00,0.00,0.00,6.8,24.1,81
2025-03-11T20:00,6.0,0.00,0.00,0.00,3.3,14.4,81
2025-03-11T21:00,5.5,0.00,0.00,0.00,7.8,13.7,92
2025-03-11T22:00,5.0,0.00,0.00,0.00,9.2,21.2,40
2025-03-11T23:00,4.3,0.00,0.00,0.00,7.8,19.4,96
2025-03-12T00:00,4.0,0.00,0.00,0.00,4.4,15.5,72
2025-03-12T01:00,3.8,0.00,0.00,0.00,4.5,7.9,99
2025-03-12T02:00,4.3,0.00,0.00,0.00,6.9,13.3,93
2025-03-12T03:00,4.2,0.00,0.00,0.00,7.7,15.8,25
2025-03-12T04:00,3.8,0.00,0.00,0.00,8.0,15.8,99
2025-03-12T05:00,3.6,0.00,0.00,0.00,7.7,15.8,46
2025-03-12T06:00,3.1,0.00,0.00,0.00,7.9,15.1,14
2025-03-12T07:00,2.5,0.00,0.00,0.00,6.7,15.1,13
2025-03-12T08:00,2.2,0.00,0.00,0.00,5.5,12.6,7
2025-03-12T09:00,2.9,0.00,0.00,0.00,4.0,11.2,5
2025-03-12T10:00,4.1,0.00,0.00,0.00,4.9,15.1,17
2025-03-12T11:00,5.7,0.00,0.00,0.00,6.1,17.6,86
2025-03-12T12:00,6.6,0.00,0.00,0.00,6.7,23.4,100
2025-03-12T13:00,6.7,0.10,0.10,0.00,7.4,23.4,88
2025-03-12T14:00,6.3,0.80,0.70,0.07,8.4,25.2,62
2025-03-12T15:00,7.0,0.00,0.00,0.00,9.5,27.0,100
2025-03-12T16:00,7.5,0.00,0.00,0.00,9.2,26.6,70
2025-03-12T17:00,6.3,0.20,0.20,0.00,8.1,26.6,29
2025-03-12T18:00,6.6,0.00,0.00,0.00,7.5,20.5,26
2025-03-12T19:00,5.7,0.00,0.00,0.00,7.5,16.9,24
2025-03-12T20:00,4.1,0.40,0.20,0.14,10.3,22.3,74
2025-03-12T21:00,2.8,2.40,0.60,1.26,5.3,21.2,30
2025-03-12T22:00,2.7,0.10,0.10,0.00,8.3,15.8,15
2025-03-12T23:00,2.6,0.00,0.00,0.00,9.5,19.8,6
2025-03-13T00:00,2.1,0.00,0.00,0.00,9.7,20.2,15
2025-03-13T01:00,2.0,0.00,0.00,0.00,10.3,22.0,20
2025-03-13T02:00,2.6,0.00,0.00,0.00,10.6,22.7,0
2025-03-13T03:00,2.3,0.00,0.00,0.00,9.9,22.3,0
2025-03-13T04:00,2.0,0.00,0.00,0.00,9.8,20.5,4
2025-03-13T05:00,1.6,0.00,0.00,0.00,9.9,20.2,100
2025-03-13T06:00,2.0,0.00,0.00,0.00,9.5,21.2,100
2025-03-13T07:00,2.6,0.00,0.00,0.00,8.5,20.5,100
2025-03-13T08:00,3.0,0.10,0.10,0.00,9.8,20.9,100
2025-03-13T09:00,3.3,0.00,0.00,0.00,10.4,27.4,100
2025-03-13T10:00,3.4,0.00,0.00,0.00,13.9,31.3,100
2025-03-13T11:00,4.1,0.10,0.10,0.00,16.0,37.4,100
2025-03-13T12:00,4.8,0.10,0.10,0.00,13.9,36.7,100
2025-03-13T13:00,5.4,0.20,0.20,0.00,12.9,33.1,60
2025-03-13T14:00,6.8,0.00,0.00,0.00,10.7,29.9,56
2025-03-13T15:00,7.0,0.00,0.00,0.00,10.8,29.9,79
2025-03-13T16:00,7.2,0.00,0.00,0.00,10.5,29.2,74
2025-03-13T17:00,6.6,0.00,0.00,0.00,10.5,29.5,74
2025-03-13T18:00,6.0,0.20,0.20,0.00,11.3,26.6,78
2025-03-13T19:00,4.8,0.00,0.00,0.00,10.0,26.3,13
2025-03-13T20:00,4.1,0.00,0.00,0.00,9.4,20.9,22
2025-03-13T21:00,3.7,0.00,0.00,0.00,8.0,18.7,5
2025-03-13T22:00,3.0,0.00,0.00,0.00,7.9,15.8,7
2025-03-13T23:00,2.4,0.00,0.00,0.00,7.2,15.5,8
2025-03-14T00:00,1.9,0.00,0.00,0.00,6.7,13.7,4
2025-03-14T01:00,1.4,0.00,0.00,0.00,6.3,12.6,0
2025-03-14T02:00,1.7,0.00,0.00,0.00,6.3,11.9,0
2025-03-14T03:00,1.2,0.00,0.00,0.00,4.9,11.2,0
2025-03-14T04:00,0.8,0.00,0.00,0.00,4.0,8.3,18
2025-03-14T05:00,0.3,0.00,0.00,0.00,3.4,6.8,18
2025-03-14T06:00,0.1,0.00,0.00,0.00,3.0,5.4,77
2025-03-14T07:00,0.6,0.00,0.00,0.00,4.0,6.8,79
2025-03-14T08:00,0.6,0.00,0.00,0.00,4.3,7.6,29
2025-03-14T09:00,1.6,0.00,0.00,0.00,4.3,10.8,57
2025-03-14T10:00,2.9,0.10,0.10,0.00,3.2,11.2,71
2025-03-14T11:00,4.6,0.00,0.00,0.00,6.9,18.7,56
2025-03-14T12:00,6.0,0.00,0.00,0.00,5.1,22.3,71
2025-03-14T13:00,6.6,0.00,0.00,0.00,7.0,25.2,60
2025-03-14T14:00,7.5,0.00,0.00,0.00,9.3,28.1,100
2025-03-14T15:00,8.0,0.00,0.00,0.00,10.4,28.1,100
2025-03-14T16:00,7.9,0.10,0.10,0.00,12.0,29.2,99
2025-03-14T17:00,6.9,0.10,0.10,0.00,13.3,31.7,85
2025-03-14T18:00,6.3,0.10,0.10,0.00,9.6,31.3,84
2025-03-14T19:00,5.6,0.00,0.00,0.00,5.9,21.6,92
2025-03-14T20:00,5.1,0.00,0.00,0.00,4.8,10.8,27
2025-03-14T21:00,4.6,0.00,0.00,0.00,5.3,9.7,40
2025-03-14T22:00,4.1,0.00,0.00,0.00,4.9,9.7,11
2025-03-14T23:00,3.5,0.00,0.00,0.00,5.7,10.1,23
2025-03-15T00:00,2.8,0.00,0.00,0.00,7.0,13.0,42
2025-03-15T01:00,2.2,0.00,0.00,0.00,7.6,14.4,46
2025-03-15T02:00,2.6,0.00,0.00,0.00,8.8,17.3,12
2025-03-15T03:00,2.1,0.00,0.00,0.00,9.0,17.6,10
2025-03-15T04:00,1.8,0.00,0.00,0.00,9.1,18.0,9
2025-03-15T05:00,1.5,0.00,0.00,0.00,9.1,18.0,8
2025-03-15T06:00,1.3,0.00,0.00,0.00,9.6,19.4,5
2025-03-15T07:00,1.0,0.00,0.00,0.00,10.1,20.5,16
2025-03-15T08:00,1.2,0.00,0.00,0.00,11.0,22.3,66
2025-03-15T09:00,2.8,0.00,0.00,0.00,12.6,31.7,83
2025-03-15T10:00,4.5,0.00,0.00,0.00,11.1,32.4,75
2025-03-15T11:00,5.1,0.20,0.20,0.00,17.8,41.4,86
2025-03-15T12:00,5.7,0.00,0.00,0.00,16.2,41.4,96
2025-03-15T13:00,6.0,0.00,0.00,0.00,15.7,38.9,96
2025-03-15T14:00,7.3,0.00,0.00,0.00,17.4,41.8,62
2025-03-15T15:00,7.5,0.00,0.00,0.00,18.1,42.5,83
2025-03-15T16:00,7.8,0.00,0.00,0.00,18.0,42.8,79
2025-03-15T17:00,7.8,0.00,0.00,0.00,16.6,47.2,56
2025-03-15T18:00,7.2,0.00,0.00,0.00,13.6,39.2,21
2025-03-15T19:00,5.9,0.00,0.00,0.00,12.9,31.3,38
2025-03-15T20:00,4.7,0.00,0.00,0.00,12.5,28.4,38
2025-03-15T21:00,3.9,0.00,0.00,0.00,12.1,27.4,21
2025-03-15T22:00,3.0,0.00,0.00,0.00,11.5,26.6,3
2025-03-15T23:00,2.3,0.00,0.00,0.00,11.1,24.8,1
2025-03-16T00:00,1.7,0.00,0.00,0.00,10.9,24.1,1
2025-03-16T01:00,1.3,0.00,0.00,0.00,11.0,23.0,1
2025-03-16T02:00,0.8,0.00,0.00,0.00,11.0,23.8,0
2025-03-16T03:00,0.5,0.00,0.00,0.00,10.8,22.7,0
2025-03-16T04:00,0.2,0.00,0.00,0.00,10.8,22.3,1
2025-03-16T05:00,0.1,0.00,0.00,0.00,10.5,22.0,1
2025-03-16T06:00,-0.1,0.00,0.00,0.00,9.9,21.6,0
2025-03-16T07:00,-0.2,0.00,0.00,0.00,9.6,20.2,0
2025-03-16T08:00,0.0,0.00,0.00,0.00,9.6,19.8,0
2025-03-16T09:00,1.1,0.00,0.00,0.00,7.6,19.8,4
2025-03-16T10:00,2.8,0.00,0.00,0.00,7.5,20.2,1
2025-03-16T11:00,4.7,0.00,0.00,0.00,8.9,23.8,0
2025-03-16T12:00,6.5,0.00,0.00,0.00,17.4,42.5,94
2025-03-16T13:00,7.3,0.00,0.00,0.00,17.2,42.1,100
2025-03-16T14:00,8.1,0.00,0.00,0.00,16.2,39.2,90
2025-03-16T15:00,7.8,0.00,0.00,0.00,15.8,39.6,99
2025-03-16T16:00,7.9,0.00,0.00,0.00,14.3,37.4,100
2025-03-16T17:00,7.8,0.00,0.00,0.00,14.0,33.8,80
2025-03-16T18:00,7.6,0.00,0.00,0.00,12.4,34.2,66
2025-03-16T19:00,6.8,0.00,0.00,0.00,10.3,28.4,56
2025-03-16T20:00,6.5,0.00,0.00,0.00,10.2,22.7,100
2025-03-16T21:00,6.4,0.00,0.00,0.00,9.3,22.0,76
2025-03-16T22:00,5.5,0.00,0.00,0.00,7.7,19.8,74
2025-03-16T23:00,5.2,0.00,0.00,0.00,6.5,15.1,99
2025-03-17T00:00,5.0,0.00,0.00,0.00,6.7,13.3,100
2025-03-17T01:00,5.3,0.00,0.00,0.00,7.8,15.8,100
2025-03-17T02:00,5.6,0.10,0.10,0.00,10.4,22.0,78
2025-03-17T03:00,5.4,0.00,0.00,0.00,10.8,23.8,87
2025-03-17T04:00,5.0,0.00,0.00,0.00,11.1,23.4,88
2025-03-17T05:00,4.7,0.00,0.00,0.00,10.7,24.1,100
2025-03-17T06:00,4.4,0.00,0.00,0.00,9.9,23.0,100
2025-03-17T07:00,4.1,0.00,0.00,0.00,9.9,21.2,99
2025-03-17T08:00,4.2,0.00,0.00,0.00,10.4,22.7,99
2025-03-17T09:00,4.8,0.00,0.00,0.00,8.7,23.0,88
2025-03-17T10:00,6.0,0.00,0.00,0.00,15.2,34.9,100
2025-03-17T11:00,6.7,0.00,0.00,0.00,15.0,36.7,87
2025-03-17T12:00,7.0,0.00,0.00,0.00,12.7,35.6,100
2025-03-17T13:00,7.1,0.00,0.00,0.00,14.8,34.6,100
2025-03-17T14:00,7.6,0.00,0.00,0.00,12.7,37.1,100
2025-03-17T15:00,8.1,0.20,0.20,0.00,15.7,35.3,100
2025-03-17T16:00,8.2,0.00,0.00,0.00,15.2,37.1,100
2025-03-17T17:00,7.2,0.00,0.00,0.00,15.4,36.7,100
2025-03-17T18:00,6.7,0.00,0.00,0.00,12.6,39.6,100
2025-03-17T19:00,6.4,0.00,0.00,0.00,11.7,29.2,99
2025-03-17T20:00,6.1,0.00,0.00,0.00,11.3,27.0,99
2025-03-17T21:00,5.9,0.00,0.00,0.00,11.2,25.6,100
2025-03-17T22:00,5.8,0.00,0.00,0.00,10.9,25.2,90
2025-03-17T23:00,5.4,0.00,0.00,0.00,9.9,24.1,2
2025-03-18T00:00,4.7,0.00,0.00,0.00,9.0,21.2,0
2025-03-18T01:00,4.5,0.00,0.00,0.00,10.0,20.2,0
2025-03-18T02:00,4.2,0.00,0.00,0.00,11.1,22.7,0
2025-03-18T03:00,4.1,0.00,0.00,0.00,11.3,23.4,0
2025-03-18T04:00,3.7,0.00,0.00,0.00,10.9,23.4,0
2025-03-18T05:00,3.4,0.00,0.00,0.00,10.4,22.3,0
2025-03-18T06:00,2.9,0.00,0.00,0.00,10.4,21.6,0
2025-03-18T07:00,2.5,0.00,0.00,0.00,10.3,20.9,0
2025-03-18T08:00,2.6,0.00,0.00,0.00,10.2,21.2,0
2025-03-18T09:00,3.7,0.00,0.00,0.00,8.8,22.3,0
2025-03-18T10:00,5.2,0.00,0.00,0.00,10.8,26.6,0
2025-03-18T11:00,6.8,0.00,0.00,0.00,12.8,31.7,0
2025-03-18T12:00,8.0,0.00,0.00,0.00,13.9,35.3,0
2025-03-18T13:00,8.8,0.00,0.00,0.00,13.0,35.3,0
2025-03-18T14:00,10.2,0.00,0.00,0.00,14.1,36.4,0
2025-03-18T15:00,10.2,0.00,0.00,0.00,14.6,36.7,0
2025-03-18T16:00,9.6,0.00,0.00,0.00,14.6,37.1,0
2025-03-18T17:00,8.8,0.00,0.00,0.00,14.0,36.4,0
2025-03-18T18:00,7.6,0.00,0.00,0.00,14.8,34.2,0
2025-03-18T19:00,6.5,0.00,0.00,0.00,14.0,33.8,0
2025-03-18T20:00,5.8,0.00,0.00,0.00,12.5,31.0,0
2025-03-18T21:00,5.4,0.00,0.00,0.00,9.4,26.3,0
2025-03-18T22:00,5.1,0.00,0.00,0.00,9.1,18.4,0
2025-03-18T23:00,4.9,0.00,0.00,0.00,8.6,17.6,0
2025-03-19T00:00,4.7,0.00,0.00,0.00,8.4,16.6,0
2025-03-19T01:00,4.4,0.00,0.00,0.00,8.2,15.8,0
2025-03-19T02:00,3.6,0.00,0.00,0.00,7.2,14.4,0
2025-03-19T03:00,3.2,0.00,0.00,0.00,6.5,13.3,0
2025-03-19T04:00,2.9,0.00,0.00,0.00,5.9,11.9,0
2025-03-19T05:00,2.6,0.00,0.00,0.00,5.9,10.8,0
2025-03-19T06:00,2.3,0.00,0.00,0.00,6.7,12.6,0
2025-03-19T07:00,2.0,0.00,0.00,0.00,7.0,13.3,21
2025-03-19T08:00,2.3,0.00,0.00,0.00,6.8,13.3,44
2025-03-19T09:00,3.8,0.00,0.00,0.00,6.0,13.3,73
2025-03-19T10:00,6.2,0.00,0.00,0.00,3.7,12.6,22
2025-03-19T11:00,8.7,0.00,0.00,0.00,3.9,13.7,52
2025-03-19T12:00,10.8,0.00,0.00,0.00,4.2,15.1,92
2025-03-19T13:00,12.6,0.00,0.00,0.00,4.3,15.8,57
2025-03-19T14:00,14.7,0.00,0.00,0.00,4.3,16.2,28
2025-03-19T15:00,16.0,0.00,0.00,0.00,5.1,16.6,1
2025-03-19T16:00,16.6,0.00,0.00,0.00,7.2,19.8,7
2025-03-19T17:00,16.2,0.00,0.00,0.00,8.7,21.6,46
2025-03-19T18:00,15.1,0.00,0.00,0.00,8.1,21.6,88
2025-03-19T19:00,13.6,0.00,0.00,0.00,6.3,18.4,95
2025-03-19T20:00,12.5,0.00,0.00,0.00,5.6,11.9,94
2025-03-19T21:00,11.8,0.00,0.00,0.00,4.9,10.1,66
2025-03-19T22:00,10.6,0.00,0.00,0.00,1.7,8.3,86
2025-03-19T23:00,10.3,0.00,0.00,0.00,0.4,2.5,51
2025-03-20T00:00,9.7,0.00,0.00,0.00,1.2,1.8,57
2025-03-20T01:00,9.1,0.00,0.00,0.00,5.5,9.0,55
2025-03-20T02:00,8.2,0.00,0.00,0.00,4.3,8.6,39
2025-03-20T03:00,8.1,0.00,0.00,0.00,2.0,7.9,52
2025-03-20T04:00,7.8,0.00,0.00,0.00,0.8,2.9,78
2025-03-20T05:00,7.0,0.00,0.00,0.00,4.1,8.6,13
2025-03-20T06:00,6.7,0.00,0.00,0.00,4.6,10.4,1
2025-03-20T07:00,5.8,0.00,0.00,0.00,4.9,10.4,0
2025-03-20T08:00,6.9,0.00,0.00,0.00,6.9,12.6,0
2025-03-20T09:00,9.0,0.00,0.00,0.00,5.8,14.4,4
2025-03-20T10:00,11.6,0.00,0.00,0.00,3.6,12.2,6
2025-03-20T11:00,14.0,0.00,0.00,0.00,3.6,12.6,0
2025-03-20T12:00,15.9,0.00,0.00,0.00,4.3,15.1,3
2025-03-20T13:00,17.2,0.00,0.00,0.00,5.5,18.0,0
2025-03-20T14:00,19.3,0.00,0.00,0.00,8.3,23.8,99
2025-03-20T15:00,19.1,0.00,0.00,0.00,8.6,24.1,95
2025-03-20T16:00,18.8,0.00,0.00,0.00,8.4,23.8,58
2025-03-20T17:00,18.6,0.00,0.00,0.00,9.6,24.5,51
2025-03-20T18:00,17.8,0.00,0.00,0.00,9.4,25.6,0
2025-03-20T19:00,16.3,0.00,0.00,0.00,9.0,22.7,0
2025-03-20T20:00,14.7,0.00,0.00,0.00,9.1,18.4,0
2025-03-20T21:00,13.5,0.00,0.00,0.00,10.1,19.8,0
2025-03-20T22:00,12.6,0.00,0.00,0.00,10.4,20.9,100
2025-03-20T23:00,12.1,0.00,0.00,0.00,9.8,20.9,100
2025-03-21T00:00,11.8,0.00,0.00,0.00,10.1,20.2,97
2025-03-21T01:00,11.5,0.00,0.00,0.00,10.1,20.2,100
2025-03-21T02:00,11.3,0.00,0.00,0.00,10.6,21.6,100
2025-03-21T03:00,10.7,0.00,0.00,0.00,10.5,22.0,100
2025-03-21T04:00,10.2,0.00,0.00,0.00,10.8,22.7,99
2025-03-21T05:00,9.7,0.00,0.00,0.00,9.8,22.0,100
2025-03-21T06:00,9.6,0.00,0.00,0.00,9.8,19.4,100
2025-03-21T07:00,9.8,0.00,0.00,0.00,11.5,24.1,100
2025-03-21T08:00,10.0,0.00,0.00,0.00,10.6,24.5,100
2025-03-21T09:00,11.1,0.00,0.00,0.00,10.3,22.7,100
2025-03-21T10:00,12.1,0.00,0.00,0.00,10.0,23.8,100
2025-03-21T11:00,13.6,0.00,0.00,0.00,9.4,24.8,100
2025-03-21T12:00,14.1,0.00,0.00,0.00,9.7,24.1,100
2025-03-21T13:00,15.7,0.00,0.00,0.00,13.3,33.5,100
2025-03-21T14:00,17.1,0.00,0.00,0.00,14.2,36.7,100
2025-03-21T15:00,17.1,0.00,0.00,0.00,14.2,36.4,100
2025-03-21T16:00,17.2,0.00,0.00,0.00,14.4,37.4,100
2025-03-21T17:00,16.5,0.00,0.00,0.00,13.4,36.7,98
2025-03-21T18:00,16.1,0.00,0.00,0.00,13.0,33.1,100
2025-03-21T19:00,15.5,0.00,0.00,0.00,11.8,31.0,100
2025-03-21T20:00,14.9,0.00,0.00,0.00,13.0,30.2,100
2025-03-21T21:00,13.9,0.40,0.40,0.00,11.8,32.8,100
2025-03-21T22:00,13.5,0.30,0.30,0.00,13.5,29.5,100
2025-03-21T23:00,13.4,0.10,0.10,0.00,10.7,29.5,100
2025-03-22T00:00,13.1,0.10,0.10,0.00,12.4,26.6,100
2025-03-22T01:00,12.7,0.00,0.00,0.00,11.7,27.0,100
2025-03-22T02:00,12.8,0.00,0.00,0.00,11.5,27.7,97
2025-03-22T03:00,12.4,0.00,0.00,0.00,10.4,24.5,100
2025-03-22T04:00,12.0,0.00,0.00,0.00,10.0,22.3,100
2025-03-22T05:00,11.7,0.00,0.00,0.00,9.2,20.9,100
2025-03-22T06:00,11.5,0.00,0.00,0.00,8.1,19.1,100
2025-03-22T07:00,11.2,0.10,0.10,0.00,8.2,16.9,100
2025-03-22T08:00,11.1,0.10,0.10,0.00,7.3,16.9,100
2025-03-22T09:00,11.6,0.00,0.00,0.00,7.3,16.9,100
2025-03-22T10:00,12.6,0.00,0.00,0.00,8.1,19.8,100
2025-03-22T11:00,14.0,0.00,0.00,0.00,9.2,23.8,100
2025-03-22T12:00,15.0,0.00,0.00,0.00,9.5,28.1,100
2025-03-22T13:00,15.6,0.00,0.00,0.00,9.0,28.8,100
2025-03-22T14:00,13.9,0.80,0.80,0.00,4.1,27.0,100
2025-03-22T15:00,15.0,0.10,0.10,0.00,4.4,17.6,100
2025-03-22T16:00,15.3,0.10,0.10,0.00,9.1,24.8,100
2025-03-22T17:00,14.3,0.00,0.00,0.00,6.4,25.9,100
2025-03-22T18:00,14.6,0.00,0.00,0.00,4.8,17.6,26
2025-03-22T19:00,13.9,0.00,0.00,0.00,6.2,14.0,77
2025-03-22T20:00,13.2,0.10,0.10,0.00,5.7,12.6,72
2025-03-22T21:00,12.7,0.00,0.00,0.00,5.0,10.1,15
2025-03-22T22:00,11.8,0.00,0.00,0.00,4.2,9.4,40
2025-03-22T23:00,11.1,0.00,0.00,0.00,3.3,7.6,94
2025-03-23T00:00,10.2,0.00,0.00,0.00,4.8,7.9,79
2025-03-23T01:00,9.6,0.00,0.00,0.00,5.5,10.8,51
2025-03-23T02:00,9.7,0.00,0.00,0.00,6.7,14.4,100
2025-03-23T03:00,9.6,0.00,0.00,0.00,6.6,13.3,52
2025-03-23T04:00,9.0,0.00,0.00,0.00,4.6,13.3,100
2025-03-23T05:00,8.7,0.00,0.00,0.00,5.9,12.6,100
2025-03-23T06:00,8.6,0.00,0.00,0.00,6.6,13.7,100
2025-03-23T07:00,8.3,0.00,0.00,0.00,6.9,14.4,100
2025-03-23T08:00,8.4,0.00,0.00,0.00,6.7,15.8,100
2025-03-23T09:00,9.1,0.00,0.00,0.00,7.6,18.7,100
2025-03-23T10:00,10.4,0.00,0.00,0.00,7.5,19.4,100
2025-03-23T11:00,11.6,0.00,0.00,0.00,3.9,19.4,100
2025-03-23T12:00,12.7,0.20,0.20,0.00,3.2,13.0,100
2025-03-23T13:00,14.0,0.00,0.00,0.00,4.3,15.1,100
2025-03-23T14:00,14.8,0.10,0.10,0.00,6.6,19.8,100
2025-03-23T15:00,13.5,1.10,1.10,0.00,12.6,30.6,100
2025-03-23T16:00,13.5,0.50,0.50,0.00,9.0,30.2,87
2025-03-23T17:00,13.9,0.10,0.10,0.00,8.6,23.8,86
2025-03-23T18:00,13.7,0.10,0.10,0.00,9.4,23.8,95
2025-03-23T19:00,12.7,0.30,0.30,0.00,10.5,23.4,97
2025-03-23T20:00,12.2,0.30,0.30,0.00,13.2,27.0,77
2025-03-23T21:00,10.3,0.00,0.00,0.00,16.0,37.4,100
2025-03-23T22:00,9.4,0.10,0.10,0.00,14.3,35.3,100
2025-03-23T23:00,8.9,0.00,0.00,0.00,13.2,32.0,100
2025-03-24T00:00,8.6,0.00,0.00,0.00,12.0,30.2,100
2025-03-24T01:00,8.3,0.00,0.00,0.00,10.5,27.4,100
2025-03-24T02:00,7.5,0.00,0.00,0.00,12.7,28.8,100
2025-03-24T03:00,7.6,0.00,0.00,0.00,12.3,29.9,100
2025-03-24T04:00,7.6,0.00,0.00,0.00,10.7,28.4,100
2025-03-24T05:00,7.4,0.00,0.00,0.00,12.5,28.4,100
2025-03-24T06:00,7.2,0.00,0.00,0.00,10.1,28.4,100
2025-03-24T07:00,7.2,0.00,0.00,0.00,9.4,22.3,100
2025-03-24T08:00,7.2,0.00,0.00,0.00,9.2,23.0,100
2025-03-24T09:00,7.5,0.00,0.00,0.00,11.2,25.9,100
2025-03-24T10:00,8.0,0.00,0.00,0.00,11.3,28.4,92
2025-03-24T11:00,9.3,0.00,0.00,0.00,10.4,27.4,67
2025-03-24T12:00,10.7,0.00,0.00,0.00,10.6,28.1,73
2025-03-24T13:00,11.9,0.00,0.00,0.00,9.9,28.4,84
2025-03-24T14:00,10.3,0.00,0.00,0.00,7.4,23.0,100
2025-03-24T15:00,12.2,0.00,0.00,0.00,6.3,20.5,94
2025-03-24T16:00,12.4,0.00,0.00,0.00,4.9,18.7,14
2025-03-24T17:00,12.8,0.00,0.00,0.00,5.1,16.9,96
2025-03-24T18:00,12.6,0.00,0.00,0.00,3.7,15.1,8
2025-03-24T19:00,11.8,0.00,0.00,0.00,5.6,11.2,10
2025-03-24T20:00,10.8,0.00,0.00,0.00,6.1,11.9,5
2025-03-24T21:00,10.1,0.00,0.00,0.00,3.7,10.8,0
2025-03-24T22:00,9.3,0.00,0.00,0.00,3.4,6.5,0
2025-03-24T23:00,8.5,0.00,0.00,0.00,4.8,8.6,5
2025-03-25T00:00,7.7,0.00,0.00,0.00,6.0,10.4,0
2025-03-25T01:00,7.2,0.00,0.00,0.00,6.8,11.9,0
2025-03-25T02:00,6.7,0.00,0.00,0.00,8.3,15.5,0
2025-03-25T03:00,6.2,0.00,0.00,0.00,8.1,16.2,0
2025-03-25T04:00,5.7,0.00,0.00,0.00,8.4,16.2,1
2025-03-25T05:00,5.4,0.00,0.00,0.00,8.4,16.9,40
2025-03-25T06:00,5.2,0.00,0.00,0.00,7.9,16.6,26
2025-03-25T07:00,5.0,0.00,0.00,0.00,7.1,15.5,98
2025-03-25T08:00,5.5,0.00,0.00,0.00,7.5,14.4,71
2025-03-25T09:00,7.1,0.00,0.00,0.00,5.6,15.1,84
2025-03-25T10:00,9.2,0.00,0.00,0.00,5.5,16.6,91
2025-03-25T11:00,11.3,0.00,0.00,0.00,6.0,18.4,92
2025-03-25T12:00,13.0,0.00,0.00,0.00,6.7,20.9,100
2025-03-25T13:00,14.2,0.00,0.00,0.00,8.0,23.4,79
2025-03-25T14:00,14.0,0.00,0.00,0.00,11.3,29.9,99
2025-03-25T15:00,14.6,0.00,0.00,0.00,11.7,29.9,100
2025-03-25T16:00,14.4,0.00,0.00,0.00,10.0,29.9,100
2025-03-25T17:00,14.4,0.00,0.00,0.00,6.0,24.5,100
2025-03-25T18:00,14.2,0.00,0.00,0.00,4.6,15.1,100
2025-03-25T19:00,13.9,0.00,0.00,0.00,4.0,11.2,100
2025-03-25T20:00,13.5,0.10,0.10,0.00,4.7,8.6,100
2025-03-25T21:00,13.1,0.10,0.10,0.00,8.1,16.2,100
2025-03-25T22:00,12.5,0.00,0.00,0.00,10.4,22.0,100
2025-03-25T23:00,11.7,0.00,0.00,0.00,9.0,22.3,100
2025-03-26T00:00,10.7,0.00,0.00,0.00,6.5,19.4,100
2025-03-26T01:00,10.2,0.00,0.00,0.00,5.6,12.2,100
2025-03-26T02:00,10.6,0.00,0.00,0.00,7.1,15.5,100
2025-03-26T03:00,10.3,0.00,0.00,0.00,6.6,15.5,100
2025-03-26T04:00,10.0,0.00,0.00,0.00,5.1,14.4,100
2025-03-26T05:00,9.9,0.00,0.00,0.00,4.8,10.8,100
2025-03-26T06:00,9.9,0.00,0.00,0.00,5.2,11.9,100
2025-03-26T07:00,9.9,0.00,0.00,0.00,4.2,12.2,100
2025-03-26T08:00,10.0,0.00,0.00,0.00,3.2,9.4,100
2025-03-26T09:00,10.3,0.00,0.00,0.00,4.1,11.5,99
2025-03-26T10:00,11.2,0.00,0.00,0.00,3.7,13.0,99
2025-03-26T11:00,12.5,0.10,0.10,0.00,3.9,13.7,100
2025-03-26T12:00,13.5,0.10,0.10,0.00,2.8,13.7,100
2025-03-26T13:00,14.2,0.10,0.10,0.00,2.8,11.9,99
2025-03-26T14:00,14.9,0.00,0.00,0.00,3.0,14.0,48
2025-03-26T15:00,15.6,0.00,0.00,0.00,3.3,14.0,51
2025-03-26T16:00,15.7,0.00,0.00,0.00,3.8,14.4,30
2025-03-26T17:00,15.7,0.00,0.00,0.00,3.4,14.4,6
2025-03-26T18:00,15.3,0.00,0.00,0.00,3.8,13.0,1
2025-03-26T19:00,14.5,0.00,0.00,0.00,5.0,11.5,3
2025-03-26T20:00,13.8,0.00,0.00,0.00,2.2,10.4,4
2025-03-26T21:00,12.4,0.00,0.00,0.00,6.7,11.2,2
2025-03-26T22:00,10.3,0.00,0.00,0.00,9.3,19.4,0
2025-03-26T23:00,9.4,0.00,0.00,0.00,8.2,19.1,0
2025-03-27T00:00,8.8,0.00,0.00,0.00,8.0,16.6,6
2025-03-27T01:00,8.2,0.00,0.00,0.00,8.4,16.9,26
2025-03-27T02:00,7.3,0.00,0.00,0.00,7.7,16.6,27
2025-03-27T03:00,6.8,0.00,0.00,0.00,7.5,15.5,100
2025-03-27T04:00,6.4,0.00,0.00,0.00,7.5,15.1,100
2025-03-27T05:00,6.3,0.00,0.00,0.00,6.9,15.1,100
2025-03-27T06:00,6.1,0.00,0.00,0.00,6.4,14.8,100
2025-03-27T07:00,5.9,0.00,0.00,0.00,5.9,13.3,100
2025-03-27T08:00,6.0,0.00,0.00,0.00,5.9,14.0,97
2025-03-27T09:00,7.1,0.00,0.00,0.00,7.4,18.7,41
2025-03-27T10:00,9.6,0.00,0.00,0.00,9.3,24.1,34
2025-03-27T11:00,11.5,0.00,0.00,0.00,10.9,28.4,60
2025-03-27T12:00,12.6,0.00,0.00,0.00,11.5,30.6,48
2025-03-27T13:00,14.0,0.00,0.00,0.00,11.1,31.3,52
2025-03-27T14:00,14.3,0.00,0.00,0.00,11.9,33.8,52
2025-03-27T15:00,14.7,0.00,0.00,0.00,11.4,32.4,9
2025-03-27T16:00,15.0,0.00,0.00,0.00,11.4,31.0,26
2025-03-27T17:00,14.7,0.00,0.00,0.00,11.9,31.0,10
2025-03-27T18:00,14.1,0.00,0.00,0.00,11.4,30.6,1
2025-03-27T19:00,13.1,0.00,0.00,0.00,9.9,28.1,1
2025-03-27T20:00,11.9,0.00,0.00,0.00,9.8,21.6,5
2025-03-27T21:00,10.9,0.00,0.00,0.00,10.0,20.2,12
2025-03-27T22:00,9.9,0.00,0.00,0.00,10.4,21.2,1
2025-03-27T23:00,9.0,0.00,0.00,0.00,10.7,21.6,7
2025-03-28T00:00,8.4,0.00,0.00,0.00,10.9,22.7,16
2025-03-28T01:00,8.0,0.00,0.00,0.00,11.4,24.1,78
2025-03-28T02:00,8.3,0.00,0.00,0.00,12.5,26.3,6
2025-03-28T03:00,8.0,0.00,0.00,0.00,12.5,27.0,95
2025-03-28T04:00,8.1,0.00,0.00,0.00,12.9,28.4,100
2025-03-28T05:00,8.4,0.00,0.00,0.00,13.3,28.4,100
2025-03-28T06:00,8.9,0.00,0.00,0.00,14.7,32.0,100
2025-03-28T07:00,9.5,0.00,0.00,0.00,13.9,33.1,100
2025-03-28T08:00,10.0,0.00,0.00,0.00,14.2,32.0,100
2025-03-28T09:00,10.3,0.10,0.10,0.00,14.2,32.4,100
2025-03-28T10:00,10.7,0.40,0.40,0.00,13.6,32.0,100
2025-03-28T11:00,10.8,0.20,0.20,0.00,13.9,32.8,100
2025-03-28T12:00,10.8,0.00,0.00,0.00,11.6,33.8,92
2025-03-28T13:00,12.4,0.00,0.00,0.00,13.4,34.6,16
2025-03-28T14:00,14.3,0.00,0.00,0.00,15.1,38.5,85
2025-03-28T15:00,14.0,0.00,0.00,0.00,15.7,40.0,63
2025-03-28T16:00,13.5,0.10,0.10,0.00,16.3,40.7,22
2025-03-28T17:00,13.2,0.00,0.00,0.00,15.0,40.7,1
2025-03-28T18:00,12.3,0.00,0.00,0.00,15.9,38.9,9
2025-03-28T19:00,11.1,0.00,0.00,0.00,14.5,38.2,5
2025-03-28T20:00,9.9,0.00,0.00,0.00,11.6,32.8,3
2025-03-28T21:00,9.1,0.00,0.00,0.00,11.6,25.2,2
2025-03-28T22:00,8.3,0.00,0.00,0.00,11.0,24.8,0
2025-03-28T23:00,7.5,0.00,0.00,0.00,10.3,23.4,0
2025-03-29T00:00,6.9,0.00,0.00,0.00,10.7,22.3,0
2025-03-29T01:00,6.3,0.00,0.00,0.00,10.5,22.3,0
2025-03-29T02:00,6.0,0.00,0.00,0.00,10.2,22.3,0
2025-03-29T03:00,5.4,0.00,0.00,0.00,9.7,20.9,0
2025-03-29T04:00,4.9,0.00,0.00,0.00,10.1,20.5,2
2025-03-29T05:00,4.5,0.00,0.00,0.00,9.8,21.2,1
2025-03-29T06:00,4.2,0.00,0.00,0.00,8.4,19.8,0
2025-03-29T07:00,3.8,0.00,0.00,0.00,7.9,16.6,0
2025-03-29T08:00,4.4,0.00,0.00,0.00,6.2,16.6,3
2025-03-29T09:00,5.9,0.00,0.00,0.00,5.7,16.2,7
2025-03-29T10:00,7.7,0.00,0.00,0.00,6.7,19.8,71
2025-03-29T11:00,9.4,0.00,0.00,0.00,6.8,21.6,64
2025-03-29T12:00,10.7,0.00,0.00,0.00,6.1,21.6,8
2025-03-29T13:00,11.9,0.00,0.00,0.00,9.3,27.7,50
2025-03-29T14:00,13.1,0.00,0.00,0.00,11.5,32.0,63
2025-03-29T15:00,13.5,0.00,0.00,0.00,14.3,37.4,42
2025-03-29T16:00,13.7,0.00,0.00,0.00,15.9,40.3,96
2025-03-29T17:00,13.4,0.00,0.00,0.00,16.0,41.8,81
2025-03-29T18:00,12.8,0.00,0.00,0.00,17.1,41.4,90
2025-03-29T19:00,11.6,0.00,0.00,0.00,15.3,41.0,98
2025-03-29T20:00,10.8,0.00,0.00,0.00,14.2,36.0,93
2025-03-29T21:00,9.9,0.00,0.00,0.00,15.5,34.9,100
2025-03-29T22:00,9.6,0.00,0.00,0.00,16.3,37.4,100
2025-03-29T23:00,9.9,0.00,0.00,0.00,17.6,45.7,100
2025-03-30T00:00,10.1,0.00,0.00,0.00,16.3,44.3,100
2025-03-30T01:00,10.4,0.00,0.00,0.00,15.7,37.1,100
2025-03-30T02:00,10.7,0.00,0.00,0.00,15.6,39.6,100
2025-03-30T03:00,10.9,0.00,0.00,0.00,14.7,35.3,100
2025-03-30T04:00,11.3,0.00,0.00,0.00,14.2,33.1,100
2025-03-30T05:00,11.3,0.00,0.00,0.00,13.7,32.4,100
2025-03-30T06:00,11.1,0.00,0.00,0.00,13.9,31.3,97
2025-03-30T07:00,10.4,0.00,0.00,0.00,13.3,31.7,86
2025-03-30T08:00,10.1,0.00,0.00,0.00,13.1,29.9,75
2025-03-30T09:00,10.6,0.00,0.00,0.00,15.0,36.0,85
2025-03-30T10:00,11.7,0.00,0.00,0.00,20.0,46.4,57
2025-03-30T11:00,12.4,0.00,0.00,0.00,16.2,47.5,33
2025-03-30T12:00,13.6,0.00,0.00,0.00,17.1,45.4,29
2025-03-30T13:00,14.4,0.00,0.00,0.00,16.8,43.2,25
2025-03-30T14:00,15.7,0.00,0.00,0.00,15.9,42.5,2
2025-03-30T15:00,16.0,0.00,0.00,0.00,16.5,42.5,0
2025-03-30T16:00,16.0,0.00,0.00,0.00,16.2,42.1,0
2025-03-30T17:00,15.7,0.00,0.00,0.00,16.0,41.0,0
2025-03-30T18:00,14.9,0.00,0.00,0.00,15.5,40.0,0
2025-03-30T19:00,13.9,0.00,0.00,0.00,13.2,37.8,1
2025-03-30T20:00,12.5,0.00,0.00,0.00,11.8,31.3,0
2025-03-30T21:00,11.5,0.00,0.00,0.00,10.8,26.3,0
2025-03-30T22:00,10.5,0.00,0.00,0.00,9.6,23.8,0
2025-03-30T23:00,9.7,0.00,0.00,0.00,9.4,19.8,13
2025-03-31T00:00,9.0,0.00,0.00,0.00,9.5,19.1,1
2025-03-31T01:00,8.4,0.00,0.00,0.00,8.6,19.1,3
2025-03-31T02:00,8.3,0.00,0.00,0.00,7.2,15.8,3
2025-03-31T03:00,7.7,0.00,0.00,0.00,6.1,13.7,2
2025-03-31T04:00,7.2,0.00,0.00,0.00,2.0,10.8,10
2025-03-31T05:00,6.9,0.00,0.00,0.00,2.5,6.1,0
2025-03-31T06:00,6.2,0.00,0.00,0.00,2.2,5.4,0
2025-03-31T07:00,6.0,0.00,0.00,0.00,3.5,5.4,2
2025-03-31T08:00,6.6,0.00,0.00,0.00,5.0,9.7,20
2025-03-31T09:00,8.3,0.00,0.00,0.00,3.1,11.2,35
2025-03-31T10:00,10.2,0.00,0.00,0.00,4.9,16.2,60
2025-03-31T11:00,11.8,0.00,0.00,0.00,4.6,17.6,33
2025-03-31T12:00,13.3,0.00,0.00,0.00,3.8,16.9,23
2025-03-31T13:00,14.5,0.00,0.00,0.00,5.3,19.8,9
2025-03-31T14:00,16.0,0.00,0.00,0.00,6.8,22.7,42
2025-03-31T15:00,16.4,0.00,0.00,0.00,6.2,22.7,89
2025-03-31T16:00,16.4,0.00,0.00,0.00,7.0,22.3,80
2025-03-31T17:00,16.2,0.00,0.00,0.00,7.6,23.0,49
2025-03-31T18:00,15.2,0.00,0.00,0.00,9.0,24.5,10
2025-03-31T19:00,13.6,0.00,0.00,0.00,9.9,25.2,6
2025-03-31T20:00,11.8,0.00,0.00,0.00,10.3,24.8,11
2025-03-31T21:00,10.3,0.00,0.00,0.00,10.8,24.5,2
2025-03-31T22:00,9.0,0.00,0.00,0.00,10.3,25.2,1
2025-03-31T23:00,8.2,0.00,0.00,0.00,10.0,23.0,3
2025-04-01T00:00,7.6,0.00,0.00,0.00,10.1,22.3,27
2025-04-01T01:00,7.0,0.00,0.00,0.00,9.8,22.7,0
2025-04-01T02:00,6.6,0.00,0.00,0.00,10.8,24.5,0
2025-04-01T03:00,6.2,0.00,0.00,0.00,10.6,23.0,0
2025-04-01T04:00,5.9,0.00,0.00,0.00,10.1,22.3,0
2025-04-01T05:00,5.6,0.00,0.00,0.00,10.3,21.2,8
2025-04-01T06:00,5.5,0.00,0.00,0.00,10.9,22.3,11
2025-04-01T07:00,5.5,0.00,0.00,0.00,11.0,23.0,1
2025-04-01T08:00,6.5,0.00,0.00,0.00,12.5,28.4,19
2025-04-01T09:00,8.2,0.00,0.00,0.00,14.1,33.8,62
2025-04-01T10:00,9.8,0.00,0.00,0.00,13.2,33.8,28
2025-04-01T11:00,11.0,0.00,0.00,0.00,14.6,37.8,1
2025-04-01T12:00,12.0,0.00,0.00,0.00,15.7,40.7,0
2025-04-01T13:00,12.6,0.00,0.00,0.00,16.3,42.5,0
2025-04-01T14:00,13.8,0.00,0.00,0.00,17.4,45.0,0
2025-04-01T15:00,13.6,0.00,0.00,0.00,17.6,46.1,0
2025-04-01T16:00,13.3,0.00,0.00,0.00,18.6,46.8,0
2025-04-01T17:00,12.7,0.00,0.00,0.00,19.7,48.2,0
2025-04-01T18:00,11.7,0.00,0.00,0.00,19.8,49.3,0
2025-04-01T19:00,10.7,0.00,0.00,0.00,17.4,47.2,0
2025-04-01T20:00,9.9,0.00,0.00,0.00,15.5,40.3,0
2025-04-01T21:00,9.3,0.00,0.00,0.00,15.0,36.0,0
2025-04-01T22:00,9.1,0.00,0.00,0.00,13.7,34.2,0
2025-04-01T23:00,8.9,0.00,0.00,0.00,13.2,31.0,0
2025-04-02T00:00,9.0,0.00,0.00,0.00,13.2,29.2,0
2025-04-02T01:00,8.9,0.00,0.00,0.00,12.7,28.8,0
2025-04-02T02:00,8.7,0.00,0.00,0.00,13.1,29.9,0
2025-04-02T03:00,8.3,0.00,0.00,0.00,12.2,28.1,0
2025-04-02T04:00,8.0,0.00,0.00,0.00,12.0,26.3,0
2025-04-02T05:00,7.7,0.00,0.00,0.00,11.7,25.6,0
2025-04-02T06:00,7.4,0.00,0.00,0.00,13.4,28.8,0
2025-04-02T07:00,7.4,0.00,0.00,0.00,13.9,30.6,0
2025-04-02T08:00,8.3,0.00,0.00,0.00,12.6,33.1,0
2025-04-02T09:00,9.8,0.00,0.00,0.00,14.5,33.5,0
2025-04-02T10:00,11.2,0.00,0.00,0.00,16.4,40.3,0
2025-04-02T11:00,12.4,0.00,0.00,0.00,17.7,44.3,0
2025-04-02T12:00,13.3,0.00,0.00,0.00,19.8,49.3,0
2025-04-02T13:00,13.8,0.00,0.00,0.00,20.8,51.8,36
2025-04-02T14:00,15.8,0.00,0.00,0.00,21.1,52.2,11
2025-04-02T15:00,16.0,0.00,0.00,0.00,22.1,54.4,22
2025-04-02T16:00,15.7,0.00,0.00,0.00,21.5,54.7,0
2025-04-02T17:00,15.1,0.00,0.00,0.00,20.3,52.2,0
2025-04-02T18:00,14.0,0.00,0.00,0.00,19.1,49.3,0
2025-04-02T19:00,13.0,0.00,0.00,0.00,15.6,44.6,3
2025-04-02T20:00,12.1,0.00,0.00,0.00,15.9,37.4,0
2025-04-02T21:00,11.5,0.00,0.00,0.00,15.1,36.7,0
2025-04-02T22:00,11.1,0.00,0.00,0.00,14.6,34.2,0
2025-04-02T23:00,10.9,0.00,0.00,0.00,15.3,33.8,0
2025-04-03T00:00,10.9,0.00,0.00,0.00,15.5,34.6,0
2025-04-03T01:00,10.8,0.00,0.00,0.00,15.1,34.6,0
2025-04-03T02:00,10.1,0.00,0.00,0.00,14.0,31.0,7
2025-04-03T03:00,9.9,0.00,0.00,0.00,13.5,30.2,6
2025-04-03T04:00,9.6,0.00,0.00,0.00,12.6,29.2,0
2025-04-03T05:00,9.3,0.00,0.00,0.00,12.4,27.0,0
2025-04-03T06:00,9.0,0.00,0.00,0.00,12.0,26.3,0
2025-04-03T07:00,8.9,0.00,0.00,0.00,12.3,25.9,0
2025-04-03T08:00,9.8,0.00,0.00,0.00,10.0,27.0,0
2025-04-03T09:00,11.4,0.00,0.00,0.00,12.4,29.5,0
2025-04-03T10:00,13.1,0.00,0.00,0.00,12.5,32.4,0
2025-04-03T11:00,14.7,0.00,0.00,0.00,13.1,34.2,0
2025-04-03T12:00,16.0,0.00,0.00,0.00,14.0,37.1,0
2025-04-03T13:00,17.0,0.00,0.00,0.00,14.2,37.8,15
2025-04-03T14:00,18.5,0.00,0.00,0.00,16.9,43.9,21
2025-04-03T15:00,18.7,0.00,0.00,0.00,15.9,43.6,19
2025-04-03T16:00,18.5,0.00,0.00,0.00,16.6,42.1,100
2025-04-03T17:00,17.4,0.00,0.00,0.00,15.8,42.5,100
2025-04-03T18:00,16.3,0.00,0.00,0.00,14.8,39.2,100
2025-04-03T19:00,15.4,0.00,0.00,0.00,10.6,35.3,96
2025-04-03T20:00,14.6,0.00,0.00,0.00,10.4,25.2,100
2025-04-03T21:00,14.0,0.00,0.00,0.00,11.3,24.5,99
2025-04-03T22:00,13.6,0.00,0.00,0.00,11.1,27.7,97
2025-04-03T23:00,13.1,0.00,0.00,0.00,9.8,25.2,91
2025-04-04T00:00,12.8,0.00,0.00,0.00,8.7,20.5,44
2025-04-04T01:00,12.3,0.00,0.00,0.00,8.4,18.0,57
2025-04-04T02:00,11.4,0.00,0.00,0.00,9.0,18.0,99
2025-04-04T03:00,11.0,0.00,0.00,0.00,8.8,18.0,100
2025-04-04T04:00,10.8,0.00,0.00,0.00,9.2,18.7,100
2025-04-04T05:00,10.6,0.00,0.00,0.00,9.8,19.8,96
2025-04-04T06:00,10.3,0.00,0.00,0.00,10.7,22.3,100
2025-04-04T07:00,10.2,0.00,0.00,0.00,10.1,22.3,100
2025-04-04T08:00,10.8,0.00,0.00,0.00,9.2,22.0,100
2025-04-04T09:00,12.1,0.00,0.00,0.00,8.9,20.9,84
2025-04-04T10:00,14.4,0.00,0.00,0.00,10.0,26.3,87
2025-04-04T11:00,16.7,0.00,0.00,0.00,11.5,30.2,84
2025-04-04T12:00,18.6,0.00,0.00,0.00,13.6,35.3,71
2025-04-04T13:00,19.6,0.00,0.00,0.00,14.2,37.4,10
2025-04-04T14:00,21.4,0.00,0.00,0.00,15.5,40.7,38
2025-04-04T15:00,21.5,0.00,0.00,0.00,16.1,41.4,12
2025-04-04T16:00,21.1,0.00,0.00,0.00,16.3,41.8,36
2025-04-04T17:00,20.3,0.00,0.00,0.00,16.3,41.4,80
2025-04-04T18:00,19.1,0.00,0.00,0.00,15.0,40.3,94
2025-04-04T19:00,17.8,0.00,0.00,0.00,14.5,36.7,97
2025-04-04T20:00,16.2,0.00,0.00,0.00,15.5,37.8,92
2025-04-04T21:00,14.6,0.00,0.00,0.00,13.9,37.1,82
2025-04-04T22:00,13.3,0.00,0.00,0.00,13.5,33.5,0
2025-04-04T23:00,12.0,0.00,0.00,0.00,14.3,33.8,0
2025-04-05T00:00,10.8,0.00,0.00,0.00,14.2,34.6,0
2025-04-05T01:00,9.9,0.00,0.00,0.00,13.8,33.5,0
2025-04-05T02:00,9.2,0.00,0.00,0.00,14.6,33.1,0
2025-04-05T03:00,8.7,0.00,0.00,0.00,14.6,33.1,0
2025-04-05T04:00,8.2,0.00,0.00,0.00,13.8,32.8,0
2025-04-05T05:00,7.5,0.00,0.00,0.00,14.7,32.0,0
2025-04-05T06:00,6.9,0.00,0.00,0.00,14.5,32.4,0
2025-04-05T07:00,6.6,0.00,0.00,0.00,14.4,32.4,0
2025-04-05T08:00,7.2,0.00,0.00,0.00,12.1,31.7,0
2025-04-05T09:00,8.9,0.00,0.00,0.00,12.4,31.0,0
2025-04-05T10:00,10.9,0.00,0.00,0.00,13.0,33.1,0
2025-04-05T11:00,13.1,0.00,0.00,0.00,12.7,34.2,0
2025-04-05T12:00,15.1,0.00,0.00,0.00,13.3,35.6,0
2025-04-05T13:00,16.4,0.00,0.00,0.00,15.5,40.3,0
2025-04-05T14:00,17.9,0.00,0.00,0.00,17.7,45.4,0
2025-04-05T15:00,17.7,0.00,0.00,0.00,17.9,46.1,0
2025-04-05T16:00,17.1,0.00,0.00,0.00,17.5,45.7,0
2025-04-05T17:00,16.2,0.00,0.00,0.00,17.7,44.6,0
2025-04-05T18:00,14.8,0.00,0.00,0.00,17.8,44.3,0
2025-04-05T19:00,13.1,0.00,0.00,0.00,18.0,43.2,0
2025-04-05T20:00,11.4,0.00,0.00,0.00,17.9,42.1,1
2025-04-05T21:00,9.9,0.00,0.00,0.00,16.6,41.0,7
2025-04-05T22:00,8.8,0.00,0.00,0.00,15.2,37.8,0
2025-04-05T23:00,8.2,0.00,0.00,0.00,15.6,37.4,0
2025-04-06T00:00,7.8,0.00,0.00,0.00,14.2,36.0,0
2025-04-06T01:00,7.4,0.00,0.00,0.00,13.3,32.4,0
2025-04-06T02:00,6.6,0.00,0.00,0.00,13.4,31.3,0
2025-04-06T03:00,6.4,0.00,0.00,0.00,13.0,29.9,0
2025-04-06T04:00,6.4,0.00,0.00,0.00,13.0,28.4,14
2025-04-06T05:00,6.4,0.00,0.00,0.00,12.6,28.4,8
2025-04-06T06:00,6.4,0.00,0.00,0.00,12.5,27.4,0
2025-04-06T07:00,6.4,0.00,0.00,0.00,13.2,28.4,0
2025-04-06T08:00,7.4,0.00,0.00,0.00,10.7,29.9,4
2025-04-06T09:00,9.1,0.00,0.00,0.00,13.8,33.1,0
2025-04-06T10:00,10.8,0.00,0.00,0.00,14.5,36.7,0
2025-04-06T11:00,12.1,0.00,0.00,0.00,14.9,38.5,0
2025-04-06T12:00,13.2,0.00,0.00,0.00,15.3,40.3,0
2025-04-06T13:00,13.8,0.00,0.00,0.00,15.1,40.7,0
2025-04-06T14:00,15.3,0.00,0.00,0.00,14.3,39.6,0
2025-04-06T15:00,15.3,0.00,0.00,0.00,14.3,38.9,0
2025-04-06T16:00,14.9,0.00,0.00,0.00,14.6,38.5,0
2025-04-06T17:00,14.0,0.00,0.00,0.00,14.9,38.9,0
2025-04-06T18:00,12.7,0.00,0.00,0.00,15.7,38.9,0
2025-04-06T19:00,11.2,0.00,0.00,0.00,15.2,39.2,0
2025-04-06T20:00,10.0,0.00,0.00,0.00,13.2,36.0,0
2025-04-06T21:00,9.2,0.00,0.00,0.00,11.9,30.6,0
2025-04-06T22:00,8.6,0.00,0.00,0.00,11.9,28.8,0
2025-04-06T23:00,8.0,0.00,0.00,0.00,10.8,28.4,0
2025-04-07T00:00,7.4,0.00,0.00,0.00,10.5,24.8,0
2025-04-07T01:00,6.9,0.00,0.00,0.00,10.0,23.0,0
2025-04-07T02:00,5.9,0.00,0.00,0.00,10.1,22.0,0
2025-04-07T03:00,5.5,0.00,0.00,0.00,10.0,21.2,0
2025-04-07T04:00,5.1,0.00,0.00,0.00,9.6,20.5,0
2025-04-07T05:00,4.7,0.00,0.00,0.00,9.6,19.4,0
2025-04-07T06:00,4.3,0.00,0.00,0.00,9.4,19.8,0
2025-04-07T07:00,4.3,0.00,0.00,0.00,9.0,19.1,0
2025-04-07T08:00,5.4,0.00,0.00,0.00,6.6,18.4,0
2025-04-07T09:00,7.4,0.00,0.00,0.00,7.5,20.2,0
2025-04-07T10:00,9.6,0.00,0.00,0.00,9.4,25.9,0
2025-04-07T11:00,11.5,0.00,0.00,0.00,11.0,30.2,0
2025-04-07T12:00,12.6,0.00,0.00,0.00,11.3,32.0,0
2025-04-07T13:00,13.5,0.00,0.00,0.00,11.1,32.0,0
2025-04-07T14:00,14.9,0.00,0.00,0.00,10.8,31.3,0
2025-04-07T15:00,15.1,0.00,0.00,0.00,11.0,32.0,0
2025-04-07T16:00,14.9,0.00,0.00,0.00,10.8,31.7,0
2025-04-07T17:00,14.3,0.00,0.00,0.00,10.8,31.0,0
2025-04-07T18:00,13.4,0.00,0.00,0.00,11.1,30.2,0
2025-04-07T19:00,12.1,0.00,0.00,0.00,11.8,29.9,0
2025-04-07T20:00,10.6,0.00,0.00,0.00,11.2,28.8,0
2025-04-07T21:00,9.6,0.00,0.00,0.00,10.0,26.3,0
2025-04-07T22:00,8.8,0.00,0.00,0.00,8.9,23.0,0
2025-04-07T23:00,8.1,0.00,0.00,0.00,8.6,22.0,0
2025-04-08T00:00,7.5,0.00,0.00,0.00,7.9,19.4,0
2025-04-08T01:00,7.0,0.00,0.00,0.00,6.9,16.6,0
2025-04-08T02:00,6.2,0.00,0.00,0.00,6.5,12.6,0
2025-04-08T03:00,5.7,0.00,0.00,0.00,7.5,14.8,0
2025-04-08T04:00,5.1,0.00,0.00,0.00,8.7,17.6,0
2025-04-08T05:00,4.7,0.00,0.00,0.00,8.2,18.0,0
2025-04-08T06:00,4.3,0.00,0.00,0.00,6.6,16.6,0
2025-04-08T07:00,4.2,0.00,0.00,0.00,7.4,14.4,0
2025-04-08T08:00,5.3,0.00,0.00,0.00,5.8,15.1,0
2025-04-08T09:00,7.3,0.00,0.00,0.00,5.4,16.2,0
2025-04-08T10:00,9.7,0.00,0.00,0.00,5.9,19.1,11
2025-04-08T11:00,11.9,0.00,0.00,0.00,6.3,20.9,95
2025-04-08T12:00,13.4,0.00,0.00,0.00,8.5,25.9,98
2025-04-08T13:00,14.5,0.00,0.00,0.00,8.0,25.9,98
2025-04-08T14:00,15.8,0.00,0.00,0.00,8.4,26.3,100
2025-04-08T15:00,16.1,0.00,0.00,0.00,8.2,26.3,100
2025-04-08T16:00,16.0,0.00,0.00,0.00,8.7,25.9,100
2025-04-08T17:00,15.4,0.00,0.00,0.00,10.2,28.1,100
2025-04-08T18:00,14.6,0.00,0.00,0.00,11.1,28.8,100
2025-04-08T19:00,13.4,0.00,0.00,0.00,11.5,28.8,7
2025-04-08T20:00,12.0,0.00,0.00,0.00,10.3,27.7,0
2025-04-08T21:00,10.7,0.00,0.00,0.00,10.1,25.2,0
2025-04-08T22:00,9.6,0.00,0.00,0.00,9.0,25.2,0
2025-04-08T23:00,8.9,0.00,0.00,0.00,7.8,22.3,0
2025-04-09T00:00,8.2,0.00,0.00,0.00,7.1,18.4,0
2025-04-09T01:00,7.4,0.00,0.00,0.00,7.7,16.9,0
2025-04-09T02:00,6.6,0.00,0.00,0.00,7.1,16.2,0
2025-04-09T03:00,6.0,0.00,0.00,0.00,7.3,15.5,0
2025-04-09T04:00,5.3,0.00,0.00,0.00,7.9,16.6,0
2025-04-09T05:00,4.7,0.00,0.00,0.00,7.8,16.9,0
2025-04-09T06:00,4.2,0.00,0.00,0.00,7.9,16.2,0
2025-04-09T07:00,4.0,0.00,0.00,0.00,8.4,18.0,0
2025-04-09T08:00,4.9,0.00,0.00,0.00,7.0,17.6,0
2025-04-09T09:00,6.6,0.00,0.00,0.00,8.5,22.7,32
2025-04-09T10:00,8.4,0.00,0.00,0.00,10.1,27.7,23
2025-04-09T11:00,10.0,0.00,0.00,0.00,12.0,32.8,45
2025-04-09T12:00,11.4,0.00,0.00,0.00,12.6,34.6,58
2025-04-09T13:00,12.7,0.00,0.00,0.00,13.8,37.4,59
2025-04-09T14:00,12.2,0.00,0.00,0.00,13.4,38.5,95
2025-04-09T15:00,13.2,0.00,0.00,0.00,11.2,35.6,21
2025-04-09T16:00,13.6,0.00,0.00,0.00,11.8,32.8,25
2025-04-09T17:00,13.5,0.00,0.00,0.00,11.8,32.8,17
2025-04-09T18:00,13.3,0.00,0.00,0.00,12.2,31.7,7
2025-04-09T19:00,12.5,0.00,0.00,0.00,12.7,31.3,12
2025-04-09T20:00,11.6,0.00,0.00,0.00,12.4,30.2,100
2025-04-09T21:00,10.6,0.00,0.00,0.00,11.6,29.5,40
2025-04-09T22:00,9.4,0.00,0.00,0.00,11.5,28.1,9
2025-04-09T23:00,8.1,0.00,0.00,0.00,12.0,29.2,3
2025-04-10T00:00,7.1,0.00,0.00,0.00,10.4,28.4,7
2025-04-10T01:00,6.5,0.00,0.00,0.00,9.4,24.1,25
2025-04-10T02:00,6.0,0.00,0.00,0.00,8.0,19.4,24
2025-04-10T03:00,5.7,0.00,0.00,0.00,7.5,17.3,44
2025-04-10T04:00,5.6,0.00,0.00,0.00,7.2,15.8,59
2025-04-10T05:00,5.8,0.00,0.00,0.00,6.5,15.5,38
2025-04-10T06:00,5.5,0.00,0.00,0.00,6.2,13.3,4
2025-04-10T07:00,5.5,0.00,0.00,0.00,6.3,12.2,4
2025-04-10T08:00,6.6,0.00,0.00,0.00,4.9,12.6,3
2025-04-10T09:00,8.5,0.00,0.00,0.00,6.8,18.4,16
2025-04-10T10:00,10.2,0.00,0.00,0.00,8.4,24.8,52
2025-04-10T11:00,11.4,0.00,0.00,0.00,5.9,23.8,33
2025-04-10T12:00,12.7,0.00,0.00,0.00,5.3,20.2,39
2025-04-10T13:00,14.1,0.00,0.00,0.00,4.2,19.8,31
2025-04-10T14:00,13.8,0.00,0.00,0.00,3.8,18.7,21
2025-04-10T15:00,15.0,0.00,0.00,0.00,3.3,17.6,8
2025-04-10T16:00,15.8,0.00,0.00,0.00,3.6,16.9,0
2025-04-10T17:00,16.1,0.00,0.00,0.00,3.0,16.6,0
2025-04-10T18:00,16.0,0.00,0.00,0.00,2.4,14.4,0
2025-04-10T19:00,15.5,0.00,0.00,0.00,2.3,11.9,0
2025-04-10T20:00,14.9,0.00,0.00,0.00,3.5,9.4,0
2025-04-10T21:00,14.0,0.00,0.00,0.00,3.6,9.4,0
2025-04-10T22:00,13.1,0.00,0.00,0.00,2.8,8.3,0
2025-04-10T23:00,12.3,0.00,0.00,0.00,2.7,6.1,0
2025-04-11T00:00,11.3,0.00,0.00,0.00,3.8,7.9,0
2025-04-11T01:00,10.3,0.00,0.00,0.00,5.2,11.2,0
2025-04-11T02:00,9.0,0.00,0.00,0.00,6.0,13.0,0
2025-04-11T03:00,8.1,0.00,0.00,0.00,6.2,12.2,0
2025-04-11T04:00,7.5,0.00,0.00,0.00,6.3,12.2,0
2025-04-11T05:00,7.0,0.00,0.00,0.00,6.3,12.2,0
2025-04-11T06:00,6.7,0.00,0.00,0.00,6.3,11.9,0
2025-04-11T07:00,6.5,0.00,0.00,0.00,6.5,12.2,5
2025-04-11T08:00,7.7,0.00,0.00,0.00,4.3,13.0,43
2025-04-11T09:00,9.8,0.00,0.00,0.00,3.6,13.0,0
2025-04-11T10:00,12.4,0.00,0.00,0.00,3.1,13.7,0
2025-04-11T11:00,14.9,0.00,0.00,0.00,3.4,14.8,0
2025-04-11T12:00,17.2,0.00,0.00,0.00,3.1,15.1,0
2025-04-11T13:00,19.0,0.00,0.00,0.00,2.5,14.8,0
2025-04-11T14:00,21.2,0.00,0.00,0.00,2.4,14.8,0
2025-04-11T15:00,22.1,0.00,0.00,0.00,1.9,14.0,0
2025-04-11T16:00,22.6,0.00,0.00,0.00,2.2,13.0,0
2025-04-11T17:00,22.7,0.00,0.00,0.00,4.0,15.5,0
2025-04-11T18:00,22.0,0.00,0.00,0.00,7.7,21.6,0
2025-04-11T19:00,20.7,0.00,0.00,0.00,10.4,25.6,0
2025-04-11T20:00,19.3,0.00,0.00,0.00,9.9,25.2,0
2025-04-11T21:00,17.6,0.00,0.00,0.00,8.8,24.1,0
2025-04-11T22:00,16.2,0.00,0.00,0.00,6.3,20.9,0
2025-04-11T23:00,15.2,0.00,0.00,0.00,5.3,14.0,0
2025-04-12T00:00,14.2,0.00,0.00,0.00,6.3,13.3,0
2025-04-12T01:00,13.1,0.00,0.00,0.00,6.3,13.3,0
2025-04-12T02:00,11.5,0.00,0.00,0.00,6.3,13.3,0
2025-04-12T03:00,10.6,0.00,0.00,0.00,7.2,14.4,0
2025-04-12T04:00,9.7,0.00,0.00,0.00,7.6,15.1,0
2025-04-12T05:00,9.0,0.00,0.00,0.00,8.1,16.2,0
2025-04-12T06:00,8.3,0.00,0.00,0.00,8.7,18.0,0
2025-04-12T07:00,8.1,0.00,0.00,0.00,9.1,19.4,67
2025-04-12T08:00,9.2,0.00,0.00,0.00,7.9,20.2,16
2025-04-12T09:00,11.3,0.00,0.00,0.00,7.2,20.9,100
2025-04-12T10:00,13.9,0.00,0.00,0.00,6.9,20.9,43
2025-04-12T11:00,16.6,0.00,0.00,0.00,8.1,24.5,96
2025-04-12T12:00,18.5,0.00,0.00,0.00,9.1,27.4,100
2025-04-12T13:00,20.0,0.00,0.00,0.00,10.0,29.2,100
2025-04-12T14:00,21.9,0.00,0.00,0.00,10.6,30.6,100
2025-04-12T15:00,22.3,0.00,0.00,0.00,11.6,32.0,100
2025-04-12T16:00,22.2,0.00,0.00,0.00,12.5,33.8,100
2025-04-12T17:00,21.6,0.00,0.00,0.00,10.6,33.5,100
2025-04-12T18:00,21.1,0.00,0.00,0.00,9.1,27.7,100
2025-04-12T19:00,19.9,0.00,0.00,0.00,9.5,23.8,100
2025-04-12T20:00,18.7,0.00,0.00,0.00,9.6,23.0,100
2025-04-12T21:00,17.5,0.00,0.00,0.00,9.0,22.7,100
2025-04-12T22:00,16.2,0.00,0.00,0.00,9.9,22.3,100
2025-04-12T23:00,15.3,0.00,0.00,0.00,8.7,23.8,100
2025-04-13T00:00,14.9,0.00,0.00,0.00,8.8,20.9,100
2025-04-13T01:00,14.4,0.00,0.00,0.00,9.8,22.0,100
2025-04-13T02:00,14.6,0.00,0.00,0.00,9.5,20.9,100
2025-04-13T03:00,14.3,0.10,0.10,0.00,9.8,23.4,73
2025-04-13T04:00,13.6,0.00,0.00,0.00,9.1,23.0,63
2025-04-13T05:00,13.0,0.00,0.00,0.00,9.2,20.9,63
2025-04-13T06:00,12.0,0.00,0.00,0.00,10.9,24.5,27
2025-04-13T07:00,11.1,0.00,0.00,0.00,10.9,26.3,19
2025-04-13T08:00,11.3,0.00,0.00,0.00,11.2,27.7,27
2025-04-13T09:00,12.1,0.00,0.00,0.00,10.6,28.4,10
2025-04-13T10:00,13.3,0.00,0.00,0.00,10.2,28.8,2
2025-04-13T11:00,14.5,0.00,0.00,0.00,10.9,31.0,19
2025-04-13T12:00,16.3,0.00,0.00,0.00,14.2,37.4,69
2025-04-13T13:00,16.4,0.00,0.00,0.00,15.7,41.4,76
2025-04-13T14:00,16.6,0.00,0.00,0.00,14.8,38.9,59
2025-04-13T15:00,15.9,0.10,0.10,0.00,16.6,41.4,93
2025-04-13T16:00,14.7,0.10,0.10,0.00,13.9,42.1,97
2025-04-13T17:00,15.3,0.00,0.00,0.00,11.2,36.7,100
2025-04-13T18:00,14.9,0.00,0.00,0.00,14.8,35.3,100
2025-04-13T19:00,14.2,0.00,0.00,0.00,13.9,36.4,98
2025-04-13T20:00,13.2,0.00,0.00,0.00,13.2,33.5,100
2025-04-13T21:00,12.3,0.00,0.00,0.00,10.1,31.3,100
2025-04-13T22:00,11.8,0.00,0.00,0.00,7.0,24.1,90
2025-04-13T23:00,11.2,0.00,0.00,0.00,8.6,19.8,91
2025-04-14T00:00,10.4,0.00,0.00,0.00,8.9,22.0,5
2025-04-14T01:00,9.6,0.00,0.00,0.00,8.4,20.5,1
2025-04-14T02:00,8.5,0.00,0.00,0.00,8.8,19.1,1
2025-04-14T03:00,7.8,0.00,0.00,0.00,7.3,18.7,1
2025-04-14T04:00,7.3,0.00,0.00,0.00,7.4,14.8,2
2025-04-14T05:00,6.9,0.00,0.00,0.00,7.7,15.8,0
2025-04-14T06:00,6.5,0.00,0.00,0.00,7.5,15.1,0
2025-04-14T07:00,6.7,0.00,0.00,0.00,7.4,14.8,3
2025-04-14T08:00,8.2,0.00,0.00,0.00,5.9,15.1,2
2025-04-14T09:00,10.3,0.00,0.00,0.00,7.6,21.2,68
2025-04-14T10:00,12.4,0.00,0.00,0.00,13.3,33.1,100
2025-04-14T11:00,13.2,0.00,0.00,0.00,15.6,38.9,100
2025-04-14T12:00,13.4,0.00,0.00,0.00,17.4,42.8,100
2025-04-14T13:00,13.8,0.10,0.10,0.00,17.6,43.2,100
2025-04-14T14:00,15.0,0.00,0.00,0.00,16.6,42.1,100
2025-04-14T15:00,15.2,0.00,0.00,0.00,15.6,41.4,100
2025-04-14T16:00,14.6,0.00,0.00,0.00,17.1,42.8,100
2025-04-14T17:00,14.6,0.00,0.00,0.00,12.5,41.4,100
2025-04-14T18:00,14.5,0.00,0.00,0.00,12.1,31.3,99
2025-04-14T19:00,13.9,0.00,0.00,0.00,9.9,29.9,91
2025-04-14T20:00,13.4,0.00,0.00,0.00,8.0,23.8,100
2025-04-14T21:00,13.0,0.00,0.00,0.00,6.5,18.7,99
2025-04-14T22:00,12.7,0.00,0.00,0.00,6.7,15.1,100
2025-04-14T23:00,12.5,0.00,0.00,0.00,5.6,14.4,100
2025-04-15T00:00,11.8,0.60,0.60,0.00,5.4,13.7,100
2025-04-15T01:00,11.4,0.80,0.80,0.00,6.3,13.0,100
2025-04-15T02:00,11.2,0.50,0.50,0.00,4.9,15.1,100
2025-04-15T03:00,10.7,1.30,1.30,0.00,5.7,10.8,100
2025-04-15T04:00,10.4,1.90,1.90,0.00,7.6,15.5,100
2025-04-15T05:00,10.3,1.40,1.40,0.00,8.4,16.9,100
2025-04-15T06:00,10.1,0.70,0.70,0.00,7.2,17.3,100
2025-04-15T07:00,10.0,0.80,0.80,0.00,6.4,14.4,100
2025-04-15T08:00,10.3,0.20,0.20,0.00,5.5,12.6,100
2025-04-15T09:00,11.2,0.10,0.10,0.00,5.9,17.3,100
2025-04-15T10:00,12.4,0.00,0.00,0.00,6.2,19.4,100
2025-04-15T11:00,13.5,0.00,0.00,0.00,3.9,18.4,100
2025-04-15T12:00,14.6,0.00,0.00,0.00,4.2,15.5,100
2025-04-15T13:00,15.5,0.10,0.10,0.00,5.3,17.3,69
2025-04-15T14:00,15.2,0.20,0.20,0.00,5.0,17.3,100
2025-04-15T15:00,15.8,0.00,0.00,0.00,3.9,21.6,99
2025-04-15T16:00,17.6,0.40,0.40,0.00,9.6,31.7,100
2025-04-15T17:00,15.0,0.30,0.30,0.00,12.8,38.2,100
2025-04-15T18:00,15.2,0.30,0.30,0.00,13.6,32.8,95
2025-04-15T19:00,15.1,0.20,0.20,0.00,9.3,31.7,100
2025-04-15T20:00,14.2,0.00,0.00,0.00,13.6,29.5,100
2025-04-15T21:00,13.2,0.00,0.00,0.00,15.0,35.6,73
2025-04-15T22:00,11.7,0.00,0.00,0.00,16.6,37.1,100
2025-04-15T23:00,10.6,0.00,0.00,0.00,17.9,43.6,100
2025-04-16T00:00,9.8,0.00,0.00,0.00,19.8,46.8,100
2025-04-16T01:00,9.6,0.00,0.00,0.00,20.3,47.2,100
2025-04-16T02:00,9.2,0.00,0.00,0.00,18.3,44.3,99
2025-04-16T03:00,9.2,0.00,0.00,0.00,22.4,53.6,100
2025-04-16T04:00,9.1,0.00,0.00,0.00,19.3,54.7,90
2025-04-16T05:00,9.0,0.00,0.00,0.00,22.4,51.5,95
2025-04-16T06:00,8.7,0.00,0.00,0.00,22.9,53.3,62
2025-04-16T07:00,8.6,0.00,0.00,0.00,21.4,52.9,26
2025-04-16T08:00,9.3,0.00,0.00,0.00,20.3,49.7,58
2025-04-16T09:00,10.3,0.00,0.00,0.00,22.8,59.0,22
2025-04-16T10:00,11.7,0.00,0.00,0.00,25.1,59.8,48
2025-04-16T11:00,12.5,0.00,0.00,0.00,22.7,59.0,18
2025-04-16T12:00,13.0,0.10,0.10,0.00,22.6,58.7,15
2025-04-16T13:00,14.0,0.10,0.10,0.00,22.0,57.6,9
2025-04-16T14:00,14.9,0.00,0.00,0.00,22.5,57.2,9
2025-04-16T15:00,15.0,0.00,0.00,0.00,22.6,57.2,12
2025-04-16T16:00,14.4,0.00,0.00,0.00,22.3,57.6,0
2025-04-16T17:00,13.8,0.00,0.00,0.00,20.9,55.8,2
2025-04-16T18:00,13.1,0.00,0.00,0.00,19.1,50.4,5
2025-04-16T19:00,12.3,0.00,0.00,0.00,16.7,45.7,5
2025-04-16T20:00,11.5,0.00,0.00,0.00,12.8,38.5,2
2025-04-16T21:00,10.7,0.00,0.00,0.00,11.8,28.8,1
2025-04-16T22:00,9.9,0.00,0.00,0.00,10.3,25.9,1
2025-04-16T23:00,9.1,0.00,0.00,0.00,9.1,22.0,0
2025-04-17T00:00,8.6,0.00,0.00,0.00,7.9,18.7,0
2025-04-17T01:00,8.2,0.00,0.00,0.00,6.7,15.1,1
2025-04-17T02:00,7.7,0.00,0.00,0.00,4.3,10.1,80
2025-04-17T03:00,7.4,0.00,0.00,0.00,4.0,7.9,40
2025-04-17T04:00,6.9,0.00,0.00,0.00,3.9,7.6,0
2025-04-17T05:00,6.2,0.00,0.00,0.00,2.4,7.9,0
2025-04-17T06:00,5.9,0.00,0.00,0.00,1.2,4.0,0
2025-04-17T07:00,6.2,0.00,0.00,0.00,3.4,5.8,0
2025-04-17T08:00,7.6,0.00,0.00,0.00,2.6,9.0,0
2025-04-17T09:00,9.7,0.00,0.00,0.00,2.5,10.8,0
2025-04-17T10:00,11.8,0.00,0.00,0.00,3.2,14.0,0
2025-04-17T11:00,13.6,0.00,0.00,0.00,2.7,15.1,2
2025-04-17T12:00,14.9,0.00,0.00,0.00,3.1,15.1,25
2025-04-17T13:00,15.9,0.00,0.00,0.00,5.7,19.4,48
2025-04-17T14:00,17.1,0.00,0.00,0.00,6.6,22.3,61
2025-04-17T15:00,17.5,0.00,0.00,0.00,8.0,25.2,60
2025-04-17T16:00,17.3,0.00,0.00,0.00,8.6,25.2,100
2025-04-17T17:00,16.9,0.00,0.00,0.00,9.4,26.3,100
2025-04-17T18:00,16.5,0.00,0.00,0.00,10.2,26.6,61
2025-04-17T19:00,15.8,0.00,0.00,0.00,12.2,29.9,19
2025-04-17T20:00,14.6,0.00,0.00,0.00,10.7,30.2,4
2025-04-17T21:00,13.3,0.00,0.00,0.00,8.5,25.6,0
2025-04-17T22:00,12.2,0.00,0.00,0.00,8.2,18.4,8
2025-04-17T23:00,11.3,0.00,0.00,0.00,8.0,17.6,32
2025-04-18T00:00,10.6,0.00,0.00,0.00,7.6,16.6,80
2025-04-18T01:00,10.2,0.00,0.00,0.00,7.1,14.8,48
2025-04-18T02:00,9.9,0.00,0.00,0.00,7.6,14.8,100
2025-04-18T03:00,9.8,0.00,0.00,0.00,8.0,16.2,99
2025-04-18T04:00,9.6,0.00,0.00,0.00,8.0,16.6,39
2025-04-18T05:00,9.2,0.00,0.00,0.00,8.5,16.9,54
2025-04-18T06:00,9.2,0.00,0.00,0.00,9.1,18.4,100
2025-04-18T07:00,9.9,0.00,0.00,0.00,9.3,19.4,94
2025-04-18T08:00,10.9,0.00,0.00,0.00,8.3,19.8,98
2025-04-18T09:00,11.5,0.00,0.00,0.00,8.8,20.9,100
2025-04-18T10:00,13.1,0.00,0.00,0.00,10.5,27.4,100
2025-04-18T11:00,14.7,0.00,0.00,0.00,14.3,35.3,100
2025-04-18T12:00,15.8,0.00,0.00,0.00,19.1,47.2,100
2025-04-18T13:00,16.2,0.00,0.00,0.00,18.5,48.2,100
2025-04-18T14:00,17.0,0.00,0.00,0.00,19.6,48.6,100
2025-04-18T15:00,16.3,0.00,0.00,0.00,18.5,48.2,100
2025-04-18T16:00,16.9,0.00,0.00,0.00,21.3,50.0,100
2025-04-18T17:00,16.5,0.00,0.00,0.00,19.1,51.1,100
2025-04-18T18:00,15.1,0.10,0.10,0.00,10.9,44.3,100
2025-04-18T19:00,15.1,0.00,0.00,0.00,9.9,25.2,100
2025-04-18T20:00,15.1,0.00,0.00,0.00,11.9,27.7,100
2025-04-18T21:00,14.2,0.00,0.00,0.00,12.0,30.6,100
2025-04-18T22:00,13.5,0.00,0.00,0.00,11.9,29.5,100
2025-04-18T23:00,13.8,0.00,0.00,0.00,14.9,34.6,100
2025-04-19T00:00,13.2,0.00,0.00,0.00,13.6,34.2,100
2025-04-19T01:00,12.7,0.20,0.20,0.00,13.3,31.7,100
2025-04-19T02:00,13.0,0.00,0.00,0.00,12.9,31.0,100
2025-04-19T03:00,12.5,0.00,0.00,0.00,13.3,31.0,100
2025-04-19T04:00,12.1,0.00,0.00,0.00,12.6,30.6,100
2025-04-19T05:00,12.0,0.00,0.00,0.00,12.9,29.2,100
2025-04-19T06:00,11.8,0.00,0.00,0.00,13.4,30.6,100
2025-04-19T07:00,11.6,0.00,0.00,0.00,13.3,31.3,100
2025-04-19T08:00,11.8,0.00,0.00,0.00,13.4,30.6,100
2025-04-19T09:00,12.3,0.00,0.00,0.00,13.8,33.1,100
2025-04-19T10:00,12.6,0.00,0.00,0.00,15.3,37.1,100
2025-04-19T11:00,13.1,0.00,0.00,0.00,18.0,43.2,100
2025-04-19T12:00,13.9,0.00,0.00,0.00,19.1,48.2,100
2025-04-19T13:00,14.7,0.00,0.00,0.00,19.7,49.3,35
2025-04-19T14:00,16.1,0.00,0.00,0.00,19.8,50.4,36
2025-04-19T15:00,15.9,0.00,0.00,0.00,19.9,50.8,2
2025-04-19T16:00,15.5,0.00,0.00,0.00,19.3,50.4,12
2025-04-19T17:00,15.0,0.00,0.00,0.00,18.6,48.6,99
2025-04-19T18:00,13.9,0.00,0.00,0.00,18.8,46.4,100
2025-04-19T19:00,12.5,0.00,0.00,0.00,17.1,45.7,98
2025-04-19T20:00,11.2,0.00,0.00,0.00,14.8,40.7,79
2025-04-19T21:00,10.1,0.00,0.00,0.00,13.7,34.2,6
2025-04-19T22:00,9.1,0.00,0.00,0.00,14.1,32.8,0
2025-04-19T23:00,8.2,0.00,0.00,0.00,13.6,32.8,0
2025-04-20T00:00,7.6,0.00,0.00,0.00,13.3,31.0,1
2025-04-20T01:00,7.1,0.00,0.00,0.00,13.4,30.6,0
2025-04-20T02:00,6.6,0.00,0.00,0.00,13.2,31.0,0
2025-04-20T03:00,6.3,0.00,0.00,0.00,13.3,31.0,2
2025-04-20T04:00,5.9,0.00,0.00,0.00,13.0,29.9,15
2025-04-20T05:00,5.7,0.00,0.00,0.00,12.8,29.2,29
2025-04-20T06:00,5.5,0.00,0.00,0.00,12.1,28.4,18
2025-04-20T07:00,5.9,0.00,0.00,0.00,11.6,26.6,36
2025-04-20T08:00,7.0,0.00,0.00,0.00,10.8,27.4,28
2025-04-20T09:00,8.7,0.00,0.00,0.00,13.2,33.1,52
2025-04-20T10:00,10.5,0.00,0.00,0.00,11.8,33.1,46
2025-04-20T11:00,12.3,0.00,0.00,0.00,11.2,32.0,24
2025-04-20T12:00,13.9,0.00,0.00,0.00,11.1,32.0,39
2025-04-20T13:00,14.9,0.00,0.00,0.00,11.4,32.8,40
2025-04-20T14:00,15.0,0.00,0.00,0.00,11.7,32.4,45
2025-04-20T15:00,15.4,0.00,0.00,0.00,11.9,33.1,74
2025-04-20T16:00,14.8,0.00,0.00,0.00,12.1,33.8,60
2025-04-20T17:00,14.0,0.00,0.00,0.00,11.3,33.1,62
2025-04-20T18:00,13.4,0.00,0.00,0.00,10.8,31.0,100
2025-04-20T19:00,12.6,0.00,0.00,0.00,10.1,28.8,89
2025-04-20T20:00,11.7,0.00,0.00,0.00,10.3,25.9,87
2025-04-20T21:00,10.9,0.00,0.00,0.00,10.1,26.3,53
2025-04-20T22:00,10.3,0.00,0.00,0.00,8.3,24.8,99
2025-04-20T23:00,10.0,0.00,0.00,0.00,6.8,21.2,98
2025-04-21T00:00,9.8,0.00,0.00,0.00,6.1,17.3,100
2025-04-21T01:00,9.8,0.00,0.00,0.00,5.5,15.8,88
2025-04-21T02:00,9.8,0.00,0.00,0.00,5.4,14.4,98
2025-04-21T03:00,9.9,0.00,0.00,0.00,5.1,14.0,100
2025-04-21T04:00,9.9,0.00,0.00,0.00,5.6,14.0,100
2025-04-21T05:00,10.1,0.00,0.00,0.00,3.2,13.7,100
2025-04-21T06:00,10.1,0.00,0.00,0.00,0.0,8.6,100
2025-04-21T07:00,10.2,0.00,0.00,0.00,0.9,4.7,100
2025-04-21T08:00,10.5,0.00,0.00,0.00,0.7,4.7,100
2025-04-21T09:00,11.0,0.00,0.00,0.00,1.0,6.1,100
2025-04-21T10:00,11.9,0.00,0.00,0.00,0.3,7.9,100
2025-04-21T11:00,13.1,0.00,0.00,0.00,0.0,7.6,100
2025-04-21T12:00,14.6,0.00,0.00,0.00,4.2,14.8,100
2025-04-21T13:00,15.6,0.00,0.00,0.00,6.6,19.4,100
2025-04-21T14:00,15.7,0.20,0.20,0.00,8.1,25.6,99
2025-04-21T15:00,16.2,0.10,0.10,0.00,7.3,24.5,96
2025-04-21T16:00,16.0,0.80,0.80,0.00,11.7,29.5,99
2025-04-21T17:00,13.1,2.60,2.60,0.00,8.1,32.4,96
2025-04-21T18:00,13.8,0.00,0.00,0.00,8.3,24.1,99
2025-04-21T19:00,13.9,0.00,0.00,0.00,9.4,22.7,26
2025-04-21T20:00,13.6,0.00,0.00,0.00,7.5,23.0,28
2025-04-21T21:00,12.9,0.00,0.00,0.00,8.9,18.4,4
2025-04-21T22:00,12.0,0.00,0.00,0.00,10.4,22.3,5
2025-04-21T23:00,11.2,0.00,0.00,0.00,10.4,22.7,37
2025-04-22T00:00,10.4,0.00,0.00,0.00,9.2,22.0,88
2025-04-22T01:00,9.7,0.00,0.00,0.00,8.7,19.1,99
2025-04-22T02:00,9.2,0.00,0.00,0.00,8.0,17.3,92
2025-04-22T03:00,8.6,0.00,0.00,0.00,7.6,15.8,0
2025-04-22T04:00,8.0,0.00,0.00,0.00,6.9,15.1,82
2025-04-22T05:00,7.5,0.00,0.00,0.00,6.9,13.7,100
2025-04-22T06:00,7.0,0.00,0.00,0.00,6.4,13.7,12
2025-04-22T07:00,7.2,0.00,0.00,0.00,6.1,13.0,58
2025-04-22T08:00,8.5,0.00,0.00,0.00,5.6,15.5,99
2025-04-22T09:00,10.3,0.00,0.00,0.00,5.7,18.0,99
2025-04-22T10:00,12.4,0.00,0.00,0.00,6.6,20.9,100
2025-04-22T11:00,13.9,0.00,0.00,0.00,9.6,27.4,100
2025-04-22T12:00,15.5,0.00,0.00,0.00,11.1,31.0,97
2025-04-22T13:00,16.3,0.00,0.00,0.00,11.5,32.4,89
2025-04-22T14:00,17.3,0.00,0.00,0.00,12.1,33.8,99
2025-04-22T15:00,17.5,0.00,0.00,0.00,12.7,33.8,100
2025-04-22T16:00,16.8,0.00,0.00,0.00,13.8,35.3,100
2025-04-22T17:00,15.9,0.00,0.00,0.00,15.4,38.5,82
2025-04-22T18:00,15.0,0.00,0.00,0.00,15.0,40.0,42
2025-04-22T19:00,14.7,0.00,0.00,0.00,14.7,37.1,44
2025-04-22T20:00,13.3,0.00,0.00,0.00,14.1,35.3,3
2025-04-22T21:00,12.2,0.00,0.00,0.00,12.4,32.0,20
2025-04-22T22:00,11.2,0.00,0.00,0.00,12.0,29.2,100
2025-04-22T23:00,10.6,0.00,0.00,0.00,10.1,27.4,100
2025-04-23T00:00,10.3,0.00,0.00,0.00,11.0,24.5,100
2025-04-23T01:00,10.3,0.00,0.00,0.00,11.6,25.6,100
2025-04-23T02:00,10.4,0.30,0.30,0.00,11.4,24.8,100
2025-04-23T03:00,10.4,0.40,0.40,0.00,13.5,29.9,100
2025-04-23T04:00,9.5,2.00,2.00,0.00,13.4,29.5,100
2025-04-23T05:00,9.3,2.60,2.60,0.00,15.5,32.0,100
2025-04-23T06:00,8.5,2.10,2.10,0.00,18.9,39.2,100
2025-04-23T07:00,8.5,0.60,0.60,0.00,19.7,42.8,100
2025-04-23T08:00,8.6,0.30,0.30,0.00,18.6,42.8,100
2025-04-23T09:00,8.7,0.40,0.40,0.00,16.9,42.1,100
2025-04-23T10:00,9.2,0.40,0.40,0.00,20.1,41.8,100
2025-04-23T11:00,10.1,0.20,0.20,0.00,20.0,47.9,100
2025-04-23T12:00,10.5,0.10,0.10,0.00,17.7,46.1,100
2025-04-23T13:00,10.4,0.00,0.00,0.00,17.7,42.1,100
2025-04-23T14:00,12.0,0.10,0.10,0.00,16.5,40.7,100
2025-04-23T15:00,12.0,0.00,0.00,0.00,16.5,41.0,100
2025-04-23T16:00,11.9,0.00,0.00,0.00,16.3,40.0,100
2025-04-23T17:00,11.6,0.00,0.00,0.00,13.8,40.0,97
2025-04-23T18:00,11.5,0.00,0.00,0.00,13.1,32.8,52
2025-04-23T19:00,11.3,0.00,0.00,0.00,10.9,31.0,5
2025-04-23T20:00,10.6,0.00,0.00,0.00,6.9,25.2,8
2025-04-23T21:00,10.0,0.00,0.00,0.00,2.7,14.0,9
2025-04-23T22:00,9.8,0.00,0.00,0.00,4.7,8.3,24
2025-04-23T23:00,9.4,0.00,0.00,0.00,5.8,11.5,38
2025-04-24T00:00,9.1,0.00,0.00,0.00,5.9,11.2,12
2025-04-24T01:00,8.8,0.00,0.00,0.00,6.6,12.2,7
2025-04-24T02:00,9.5,0.00,0.00,0.00,7.9,15.5,36
2025-04-24T03:00,8.5,0.00,0.00,0.00,9.4,19.4,60
2025-04-24T04:00,7.6,0.00,0.00,0.00,9.1,22.3,100
2025-04-24T05:00,7.5,0.00,0.00,0.00,8.9,23.4,100
2025-04-24T06:00,7.9,0.00,0.00,0.00,8.6,19.1,100
2025-04-24T07:00,8.8,0.00,0.00,0.00,10.0,23.0,100
2025-04-24T08:00,9.3,0.00,0.00,0.00,9.3,23.8,100
2025-04-24T09:00,10.0,0.00,0.00,0.00,9.8,25.2,100
2025-04-24T10:00,10.5,0.00,0.00,0.00,9.3,25.9,100
2025-04-24T11:00,11.6,0.00,0.00,0.00,9.0,25.9,82
2025-04-24T12:00,13.0,0.00,0.00,0.00,8.1,25.6,83
2025-04-24T13:00,14.4,0.00,0.00,0.00,7.4,24.5,57
2025-04-24T14:00,14.5,0.00,0.00,0.00,7.1,22.3,99
2025-04-24T15:00,14.8,0.00,0.00,0.00,6.8,22.3,83
2025-04-24T16:00,14.8,0.00,0.00,0.00,7.2,21.6,100
2025-04-24T17:00,14.5,0.00,0.00,0.00,8.3,23.0,100
2025-04-24T18:00,14.2,0.00,0.00,0.00,8.5,23.0,38
2025-04-24T19:00,13.6,0.00,0.00,0.00,9.6,25.9,6
2025-04-24T20:00,12.6,0.00,0.00,0.00,8.4,25.9,1
2025-04-24T21:00,11.5,0.00,0.00,0.00,7.8,18.0,4
2025-04-24T22:00,10.6,0.00,0.00,0.00,8.3,16.9,10
2025-04-24T23:00,9.9,0.00,0.00,0.00,6.9,16.6,15
2025-04-25T00:00,9.2,0.00,0.00,0.00,6.7,13.3,0
2025-04-25T01:00,8.5,0.00,0.00,0.00,5.5,13.0,23
2025-04-25T02:00,8.1,0.00,0.00,0.00,3.1,8.6,12
2025-04-25T03:00,7.6,0.00,0.00,0.00,3.4,6.1,27
2025-04-25T04:00,7.2,0.00,0.00,0.00,4.4,7.9,2
2025-04-25T05:00,6.6,0.00,0.00,0.00,4.6,8.6,6
2025-04-25T06:00,6.1,0.00,0.00,0.00,4.5,8.3,95
2025-04-25T07:00,6.3,0.00,0.00,0.00,5.6,11.9,42
2025-04-25T08:00,7.7,0.00,0.00,0.00,4.5,14.0,14
2025-04-25T09:00,9.6,0.00,0.00,0.00,4.6,15.1,4
2025-04-25T10:00,11.3,0.00,0.00,0.00,5.8,18.7,28
2025-04-25T11:00,12.5,0.00,0.00,0.00,6.1,20.9,97
2025-04-25T12:00,13.7,0.00,0.00,0.00,5.8,20.9,100
2025-04-25T13:00,15.3,0.00,0.00,0.00,5.5,20.2,100
2025-04-25T14:00,15.2,0.00,0.00,0.00,6.6,20.5,100
2025-04-25T15:00,15.4,0.00,0.00,0.00,7.7,23.4,100
2025-04-25T16:00,15.1,0.00,0.00,0.00,9.1,26.3,100
2025-04-25T17:00,14.7,0.00,0.00,0.00,10.3,27.7,100
2025-04-25T18:00,13.8,0.00,0.00,0.00,11.1,28.8,100
2025-04-25T19:00,12.8,0.00,0.00,0.00,11.4,28.4,99
2025-04-25T20:00,11.6,0.00,0.00,0.00,10.5,27.7,95
2025-04-25T21:00,10.5,0.00,0.00,0.00,11.2,26.3,99
2025-04-25T22:00,9.6,0.00,0.00,0.00,10.4,25.2,100
2025-04-25T23:00,9.0,0.00,0.00,0.00,9.4,24.1,96
2025-04-26T00:00,8.5,0.00,0.00,0.00,8.7,20.5,100
2025-04-26T01:00,8.6,0.00,0.00,0.00,8.2,18.4,100
2025-04-26T02:00,8.9,0.00,0.00,0.00,7.2,17.3,98
2025-04-26T03:00,8.9,0.00,0.00,0.00,7.4,16.6,100
2025-04-26T04:00,8.9,0.00,0.00,0.00,8.3,18.0,98
2025-04-26T05:00,8.6,0.00,0.00,0.00,7.9,18.0,98
2025-04-26T06:00,8.2,0.00,0.00,0.00,7.9,16.2,99
2025-04-26T07:00,8.7,0.00,0.00,0.00,8.4,19.8,100
2025-04-26T08:00,9.9,0.00,0.00,0.00,8.9,21.2,100
2025-04-26T09:00,11.6,0.00,0.00,0.00,6.8,21.6,100
2025-04-26T10:00,13.2,0.00,0.00,0.00,6.4,19.4,100
2025-04-26T11:00,14.9,0.00,0.00,0.00,8.4,24.1,100
2025-04-26T12:00,16.3,0.00,0.00,0.00,10.3,29.2,100
2025-04-26T13:00,16.8,0.00,0.00,0.00,9.5,28.8,100
2025-04-26T14:00,17.2,0.00,0.00,0.00,9.3,26.6,100
2025-04-26T15:00,17.1,0.00,0.00,0.00,9.0,26.6,100
2025-04-26T16:00,17.1,0.00,0.00,0.00,8.3,25.2,100
2025-04-26T17:00,16.8,0.00,0.00,0.00,8.9,24.1,100
2025-04-26T18:00,16.2,0.00,0.00,0.00,8.0,23.8,100
2025-04-26T19:00,14.9,0.00,0.00,0.00,10.0,24.5,100
2025-04-26T20:00,13.3,0.00,0.00,0.00,9.5,24.8,100
2025-04-26T21:00,12.3,0.00,0.00,0.00,7.9,22.0,100
2025-04-26T22:00,11.7,0.00,0.00,0.00,6.0,16.6,100
2025-04-26T23:00,11.2,0.00,0.00,0.00,4.9,12.2,94
2025-04-27T00:00,10.7,0.00,0.00,0.00,3.4,9.4,90
2025-04-27T01:00,10.3,0.00,0.00,0.00,0.5,6.1,27
2025-04-27T02:00,9.9,0.00,0.00,0.00,0.3,1.8,36
2025-04-27T03:00,9.5,0.00,0.00,0.00,1.5,2.5,49
2025-04-27T04:00,8.8,0.00,0.00,0.00,1.9,5.4,66
2025-04-27T05:00,8.4,0.00,0.00,0.00,1.0,3.2,29
2025-04-27T06:00,8.1,0.00,0.00,0.00,2.4,4.0,1
2025-04-27T07:00,8.7,0.00,0.00,0.00,3.7,8.3,2
2025-04-27T08:00,10.5,0.00,0.00,0.00,1.2,8.3,3
2025-04-27T09:00,12.7,0.00,0.00,0.00,1.5,9.0,0
2025-04-27T10:00,15.0,0.00,0.00,0.00,0.8,8.6,0
2025-04-27T11:00,16.7,0.00,0.00,0.00,0.6,9.7,47
2025-04-27T12:00,18.0,0.00,0.00,0.00,1.4,11.9,100
2025-04-27T13:00,19.4,0.00,0.00,0.00,2.6,13.7,91
2025-04-27T14:00,20.4,0.00,0.00,0.00,5.0,17.6,77
2025-04-27T15:00,20.4,0.00,0.00,0.00,5.7,18.7,54
2025-04-27T16:00,20.8,0.00,0.00,0.00,4.8,18.7,76
2025-04-27T17:00,20.6,0.00,0.00,0.00,6.9,20.2,100
2025-04-27T18:00,20.2,0.00,0.00,0.00,8.0,21.2,100
2025-04-27T19:00,20.0,0.00,0.00,0.00,7.4,21.6,92
2025-04-27T20:00,19.3,0.00,0.00,0.00,6.0,18.7,99
2025-04-27T21:00,18.1,0.00,0.00,0.00,5.9,12.2,97
2025-04-27T22:00,16.9,0.00,0.00,0.00,8.9,18.4,97
2025-04-27T23:00,15.6,0.00,0.00,0.00,7.5,18.7,8
2025-04-28T00:00,14.7,0.00,0.00,0.00,7.0,15.1,0
2025-04-28T01:00,13.7,0.00,0.00,0.00,7.0,14.4,6
2025-04-28T02:00,12.8,0.00,0.00,0.00,6.6,13.0,46
2025-04-28T03:00,12.1,0.00,0.00,0.00,5.3,12.2,1
2025-04-28T04:00,11.4,0.00,0.00,0.00,4.4,9.7,0
2025-04-28T05:00,10.7,0.00,0.00,0.00,2.5,7.9,3
2025-04-28T06:00,10.3,0.00,0.00,0.00,1.0,4.0,99
2025-04-28T07:00,10.8,0.00,0.00,0.00,2.0,5.4,92
2025-04-28T08:00,12.5,0.00,0.00,0.00,0.4,6.1,34
2025-04-28T09:00,15.1,0.00,0.00,0.00,0.9,7.9,29
2025-04-28T10:00,17.7,0.00,0.00,0.00,0.9,9.7,42
2025-04-28T11:00,19.5,0.00,0.00,0.00,0.5,10.1,100
2025-04-28T12:00,20.8,0.00,0.00,0.00,1.3,12.2,100
2025-04-28T13:00,22.1,0.00,0.00,0.00,1.2,12.6,97
2025-04-28T14:00,23.3,0.00,0.00,0.00,3.8,17.6,25
2025-04-28T15:00,24.1,0.00,0.00,0.00,5.9,22.0,24
2025-04-28T16:00,24.1,0.00,0.00,0.00,9.1,28.4,38
2025-04-28T17:00,24.1,0.00,0.00,0.00,9.8,29.2,87
2025-04-28T18:00,23.0,0.00,0.00,0.00,10.6,29.5,33
2025-04-28T19:00,20.6,0.00,0.00,0.00,13.9,34.9,11
2025-04-28T20:00,19.3,0.00,0.00,0.00,10.4,33.8,2
2025-04-28T21:00,18.5,0.00,0.00,0.00,8.2,24.8,1
2025-04-28T22:00,17.6,0.00,0.00,0.00,5.9,18.4,0
2025-04-28T23:00,16.7,0.00,0.00,0.00,6.3,15.1,0
2025-04-29T00:00,15.7,0.00,0.00,0.00,6.2,14.4,0
2025-04-29T01:00,14.8,0.00,0.00,0.00,6.7,13.0,0
2025-04-29T02:00,13.4,0.00,0.00,0.00,7.0,14.0,0
2025-04-29T03:00,12.7,0.00,0.00,0.00,6.5,13.7,0
2025-04-29T04:00,12.0,0.00,0.00,0.00,6.9,13.3,0
2025-04-29T05:00,11.3,0.00,0.00,0.00,7.6,14.8,2
2025-04-29T06:00,10.7,0.00,0.00,0.00,8.2,15.8,10
2025-04-29T07:00,11.1,0.00,0.00,0.00,7.9,17.6,6
2025-04-29T08:00,12.6,0.00,0.00,0.00,7.2,19.4,9
2025-04-29T09:00,14.8,0.00,0.00,0.00,7.3,21.2,3
2025-04-29T10:00,17.4,0.00,0.00,0.00,7.1,22.0,6
2025-04-29T11:00,19.7,0.00,0.00,0.00,9.0,26.6,11
2025-04-29T12:00,21.1,0.00,0.00,0.00,10.7,31.0,20
2025-04-29T13:00,21.9,0.00,0.00,0.00,10.5,31.3,35
2025-04-29T14:00,22.9,0.00,0.00,0.00,10.5,31.7,12
2025-04-29T15:00,23.1,0.00,0.00,0.00,10.7,31.7,11
2025-04-29T16:00,22.9,0.00,0.00,0.00,11.0,32.0,11
2025-04-29T17:00,22.4,0.00,0.00,0.00,11.7,32.8,9
2025-04-29T18:00,21.3,0.00,0.00,0.00,11.9,32.8,7
2025-04-29T19:00,20.0,0.00,0.00,0.00,12.3,32.0,4
2025-04-29T20:00,18.6,0.00,0.00,0.00,11.5,30.6,0
2025-04-29T21:00,17.2,0.00,0.00,0.00,10.5,27.4,0
2025-04-29T22:00,15.9,0.00,0.00,0.00,9.1,23.4,0
2025-04-29T23:00,14.6,0.00,0.00,0.00,8.7,22.7,0
2025-04-30T00:00,13.6,0.00,0.00,0.00,7.9,20.9,0
2025-04-30T01:00,12.9,0.00,0.00,0.00,7.5,18.4,0
2025-04-30T02:00,11.5,0.00,0.00,0.00,7.5,17.6,5
2025-04-30T03:00,11.0,0.00,0.00,0.00,7.6,15.8,0
2025-04-30T04:00,10.5,0.00,0.00,0.00,7.4,15.5,0
2025-04-30T05:00,10.1,0.00,0.00,0.00,6.9,14.4,0
2025-04-30T06:00,9.8,0.00,0.00,0.00,6.7,13.7,0
2025-04-30T07:00,10.3,0.00,0.00,0.00,5.2,13.7,0
2025-04-30T08:00,12.2,0.00,0.00,0.00,4.0,13.0,0
2025-04-30T09:00,14.8,0.00,0.00,0.00,3.6,13.7,0
2025-04-30T10:00,17.8,0.00,0.00,0.00,3.5,14.8,4
2025-04-30T11:00,20.8,0.00,0.00,0.00,3.9,16.2,13
2025-04-30T12:00,23.0,0.00,0.00,0.00,3.6,16.6,19
2025-04-30T13:00,24.3,0.00,0.00,0.00,3.8,17.6,13
2025-04-30T14:00,25.5,0.00,0.00,0.00,6.5,22.7,0
2025-04-30T15:00,25.9,0.00,0.00,0.00,7.3,24.5,0
2025-04-30T16:00,26.0,0.00,0.00,0.00,8.3,25.9,0
2025-04-30T17:00,25.7,0.00,0.00,0.00,9.5,27.7,0
2025-04-30T18:00,24.7,0.00,0.00,0.00,11.2,30.2,0
2025-04-30T19:00,23.1,0.00,0.00,0.00,12.4,31.7,0
2025-04-30T20:00,21.3,0.00,0.00,0.00,11.3,31.3,0
2025-04-30T21:00,19.6,0.00,0.00,0.00,10.4,27.0,0
2025-04-30T22:00,18.1,0.00,0.00,0.00,9.0,23.8,0
2025-04-30T23:00,16.9,0.00,0.00,0.00,8.0,20.9,0
2025-05-01T00:00,16.0,0.00,0.00,0.00,7.8,18.4,0
2025-05-01T01:00,15.1,0.00,0.00,0.00,7.7,18.7,0
2025-05-01T02:00,13.6,0.00,0.00,0.00,7.4,16.9,0
2025-05-01T03:00,13.1,0.00,0.00,0.00,7.1,15.5,0
2025-05-01T04:00,12.7,0.00,0.00,0.00,6.6,14.8,0
2025-05-01T05:00,12.2,0.00,0.00,0.00,6.5,12.6,0
2025-05-01T06:00,11.9,0.00,0.00,0.00,6.6,13.0,0
2025-05-01T07:00,12.4,0.00,0.00,0.00,5.9,13.3,0
2025-05-01T08:00,14.4,0.00,0.00,0.00,4.2,13.3,2
2025-05-01T09:00,17.4,0.00,0.00,0.00,3.2,13.0,100
2025-05-01T10:00,20.7,0.00,0.00,0.00,2.5,13.0,98
2025-05-01T11:00,23.7,0.00,0.00,0.00,2.7,13.7,100
2025-05-01T12:00,25.7,0.00,0.00,0.00,4.1,16.6,100
2025-05-01T13:00,27.1,0.00,0.00,0.00,5.4,19.8,100
2025-05-01T14:00,28.2,0.00,0.00,0.00,5.0,19.4,97
2025-05-01T15:00,28.6,0.00,0.00,0.00,7.9,24.8,94
2025-05-01T16:00,28.6,0.00,0.00,0.00,10.5,29.9,100
2025-05-01T17:00,27.9,0.00,0.00,0.00,11.8,32.0,100
2025-05-01T18:00,27.5,0.00,0.00,0.00,9.9,31.3,100
2025-05-01T19:00,26.9,0.00,0.00,0.00,10.7,25.9,100
2025-05-01T20:00,25.8,0.00,0.00,0.00,9.4,26.3,100
2025-05-01T21:00,24.8,0.00,0.00,0.00,7.8,22.3,100
2025-05-01T22:00,23.4,0.00,0.00,0.00,9.0,19.4,6
2025-05-01T23:00,21.9,0.00,0.00,0.00,8.9,19.4,0
2025-05-02T00:00,20.4,0.00,0.00,0.00,8.7,19.4,13
2025-05-02T01:00,19.2,0.00,0.00,0.00,8.8,18.0,21
2025-05-02T02:00,18.3,0.00,0.00,0.00,7.7,17.3,99
2025-05-02T03:00,17.6,0.00,0.00,0.00,7.9,16.2,99
2025-05-02T04:00,17.0,0.00,0.00,0.00,6.3,15.8,76
2025-05-02T05:00,16.4,0.00,0.00,0.00,7.0,14.8,14
2025-05-02T06:00,15.8,0.00,0.00,0.00,6.8,14.0,5
2025-05-02T07:00,16.1,0.00,0.00,0.00,4.3,13.3,15
2025-05-02T08:00,17.1,0.00,0.00,0.00,4.5,14.0,11
2025-05-02T09:00,18.7,0.00,0.00,0.00,4.4,16.6,0
2025-05-02T10:00,20.5,0.00,0.00,0.00,2.0,15.5,2
2025-05-02T11:00,22.2,0.00,0.00,0.00,2.0,14.0,1
2025-05-02T12:00,23.6,0.00,0.00,0.00,2.2,14.0,8
2025-05-02T13:00,25.1,0.00,0.00,0.00,2.8,17.3,35
2025-05-02T14:00,24.9,0.00,0.00,0.00,4.2,20.9,24
2025-05-02T15:00,25.5,0.00,0.00,0.00,6.6,23.8,91
2025-05-02T16:00,25.5,0.00,0.00,0.00,6.5,24.5,88
2025-05-02T17:00,24.7,0.00,0.00,0.00,5.0,23.0,95
2025-05-02T18:00,21.5,0.40,0.40,0.00,11.8,31.3,65
2025-05-02T19:00,19.6,1.00,1.00,0.00,5.5,32.0,60
2025-05-02T20:00,18.9,0.10,0.10,0.00,11.5,28.4,54
2025-05-02T21:00,17.1,0.00,0.00,0.00,11.8,29.9,96
2025-05-02T22:00,16.2,0.00,0.00,0.00,11.3,28.8,36
2025-05-02T23:00,14.9,0.00,0.00,0.00,10.1,27.7,97
2025-05-03T00:00,14.1,0.00,0.00,0.00,9.2,24.8,12
2025-05-03T01:00,13.7,0.00,0.00,0.00,8.5,23.0,4
2025-05-03T02:00,12.3,0.00,0.00,0.00,7.7,20.2,17
2025-05-03T03:00,11.8,0.00,0.00,0.00,6.0,18.7,13
2025-05-03T04:00,11.5,0.00,0.00,0.00,5.4,15.1,19
2025-05-03T05:00,11.2,0.00,0.00,0.00,5.6,13.7,5
2025-05-03T06:00,11.1,0.00,0.00,0.00,5.3,13.3,23
2025-05-03T07:00,11.4,0.00,0.00,0.00,6.0,16.6,37
2025-05-03T08:00,12.6,0.00,0.00,0.00,1.6,16.2,6
2025-05-03T09:00,14.7,0.00,0.00,0.00,2.1,11.5,100
2025-05-03T10:00,16.1,0.00,0.00,0.00,4.7,17.3,100
2025-05-03T11:00,17.6,0.00,0.00,0.00,5.2,18.4,99
2025-05-03T12:00,19.2,0.00,0.00,0.00,10.9,28.8,100
2025-05-03T13:00,19.6,0.00,0.00,0.00,12.9,34.9,4
2025-05-03T14:00,20.4,0.00,0.00,0.00,13.5,37.1,0
2025-05-03T15:00,21.4,0.00,0.00,0.00,12.2,38.2,64
2025-05-03T16:00,19.1,0.00,0.00,0.00,19.9,50.8,100
2025-05-03T17:00,17.8,0.00,0.00,0.00,18.9,50.0,79
2025-05-03T18:00,16.1,0.00,0.00,0.00,19.0,47.2,100
2025-05-03T19:00,14.6,0.00,0.00,0.00,14.8,46.8,90
2025-05-03T20:00,14.0,0.00,0.00,0.00,14.7,36.4,2
2025-05-03T21:00,12.9,0.00,0.00,0.00,14.8,36.0,2
2025-05-03T22:00,11.9,0.00,0.00,0.00,13.7,34.6,2
2025-05-03T23:00,11.0,0.00,0.00,0.00,12.1,31.3,1
2025-05-04T00:00,10.4,0.00,0.00,0.00,10.2,27.7,0
2025-05-04T01:00,9.9,0.00,0.00,0.00,8.7,23.0,0
2025-05-04T02:00,8.7,0.00,0.00,0.00,8.0,20.9,1
2025-05-04T03:00,8.3,0.00,0.00,0.00,8.3,18.4,10
2025-05-04T04:00,7.8,0.00,0.00,0.00,8.6,18.4,47
2025-05-04T05:00,7.8,0.00,0.00,0.00,9.0,25.2,100
2025-05-04T06:00,7.7,0.00,0.00,0.00,8.6,20.2,25
2025-05-04T07:00,8.1,0.00,0.00,0.00,7.8,22.0,6
2025-05-04T08:00,9.0,0.00,0.00,0.00,9.6,25.2,2
2025-05-04T09:00,10.5,0.00,0.00,0.00,15.5,38.5,55
2025-05-04T10:00,11.3,0.00,0.00,0.00,15.7,40.0,71
2025-05-04T11:00,12.3,0.00,0.00,0.00,16.9,42.5,95
2025-05-04T12:00,12.6,0.00,0.00,0.00,18.0,45.0,100
2025-05-04T13:00,13.0,0.00,0.00,0.00,16.5,45.4,100
2025-05-04T14:00,12.9,0.00,0.00,0.00,18.2,46.8,96
2025-05-04T15:00,13.4,0.00,0.00,0.00,17.4,45.7,100
2025-05-04T16:00,12.5,0.00,0.00,0.00,18.2,45.7,45
2025-05-04T17:00,12.8,0.00,0.00,0.00,17.3,44.6,31
2025-05-04T18:00,12.2,0.00,0.00,0.00,19.1,45.4,96
2025-05-04T19:00,12.0,0.00,0.00,0.00,17.1,45.4,44
2025-05-04T20:00,10.5,0.00,0.00,0.00,16.8,41.0,22
2025-05-04T21:00,9.3,0.00,0.00,0.00,14.7,38.9,46
2025-05-04T22:00,8.7,0.00,0.00,0.00,14.2,33.8,13
2025-05-04T23:00,8.1,0.00,0.00,0.00,13.2,32.8,8
2025-05-05T00:00,7.5,0.00,0.00,0.00,13.5,31.3,5
2025-05-05T01:00,7.0,0.00,0.00,0.00,13.4,30.6,17
2025-05-05T02:00,5.9,0.00,0.00,0.00,11.6,28.4,6
2025-05-05T03:00,5.6,0.00,0.00,0.00,12.1,27.0,14
2025-05-05T04:00,5.5,0.00,0.00,0.00,12.6,28.1,12
2025-05-05T05:00,5.2,0.00,0.00,0.00,12.6,28.4,6
2025-05-05T06:00,5.2,0.00,0.00,0.00,11.8,28.4,100
2025-05-05T07:00,6.4,0.00,0.00,0.00,9.6,29.5,100
2025-05-05T08:00,7.0,0.10,0.10,0.00,10.4,23.8,100
2025-05-05T09:00,7.9,0.00,0.00,0.00,12.6,29.9,92
2025-05-05T10:00,10.2,0.00,0.00,0.00,20.5,43.2,90
2025-05-05T11:00,11.9,0.10,0.10,0.00,25.0,58.0,84
2025-05-05T12:00,12.7,0.10,0.10,0.00,25.1,59.8,57
2025-05-05T13:00,12.8,0.40,0.40,0.00,24.2,59.0,68
2025-05-05T14:00,12.3,0.10,0.10,0.00,20.7,51.8,58
2025-05-05T15:00,12.9,0.10,0.10,0.00,22.9,55.8,69
2025-05-05T16:00,13.3,0.00,0.00,0.00,18.6,54.0,89
2025-05-05T17:00,13.5,0.00,0.00,0.00,18.8,45.0,88
2025-05-05T18:00,12.8,0.00,0.00,0.00,19.0,46.8,96
2025-05-05T19:00,11.9,0.00,0.00,0.00,19.2,45.0,100
2025-05-05T20:00,11.2,0.00,0.00,0.00,16.7,49.7,72
2025-05-05T21:00,10.3,0.00,0.00,0.00,14.5,39.2,53
2025-05-05T22:00,9.7,0.00,0.00,0.00,12.4,33.1,59
2025-05-05T23:00,9.4,0.00,0.00,0.00,11.5,27.7,13
2025-05-06T00:00,8.8,0.00,0.00,0.00,11.1,25.6,44
2025-05-06T01:00,8.2,0.00,0.00,0.00,11.0,24.8,43
2025-05-06T02:00,6.7,0.00,0.00,0.00,10.2,23.8,23
2025-05-06T03:00,6.5,0.00,0.00,0.00,9.4,21.6,27
2025-05-06T04:00,6.4,0.00,0.00,0.00,9.6,19.8,65
2025-05-06T05:00,6.6,0.00,0.00,0.00,9.7,20.5,35
2025-05-06T06:00,6.5,0.00,0.00,0.00,10.2,21.6,52
2025-05-06T07:00,7.0,0.00,0.00,0.00,8.7,23.0,28
2025-05-06T08:00,8.1,0.00,0.00,0.00,9.4,23.0,34
2025-05-06T09:00,9.5,0.00,0.00,0.00,14.1,35.6,56
2025-05-06T10:00,10.3,0.00,0.00,0.00,14.3,36.4,82
2025-05-06T11:00,10.9,0.00,0.00,0.00,14.5,37.1,88
2025-05-06T12:00,11.6,0.00,0.00,0.00,14.9,37.8,100
2025-05-06T13:00,12.1,0.00,0.00,0.00,14.4,37.8,100
2025-05-06T14:00,13.0,0.00,0.00,0.00,13.4,36.0,100
2025-05-06T15:00,13.7,0.00,0.00,0.00,13.1,34.9,100
2025-05-06T16:00,14.0,0.00,0.00,0.00,14.5,36.4,100
2025-05-06T17:00,13.4,0.00,0.00,0.00,14.7,38.2,100
2025-05-06T18:00,13.0,0.10,0.10,0.00,15.2,36.4,100
2025-05-06T19:00,12.7,0.00,0.00,0.00,13.5,36.4,97
2025-05-06T20:00,12.3,0.00,0.00,0.00,11.5,31.7,100
2025-05-06T21:00,11.8,0.00,0.00,0.00,11.6,26.6,100
2025-05-06T22:00,11.2,0.00,0.00,0.00,7.5,27.0,2
2025-05-06T23:00,10.2,0.00,0.00,0.00,6.5,16.2,83
2025-05-07T00:00,9.5,0.00,0.00,0.00,6.8,13.0,100
2025-05-07T01:00,8.6,0.00,0.00,0.00,7.3,14.4,93
2025-05-07T02:00,7.5,0.00,0.00,0.00,7.3,15.5,100
2025-05-07T03:00,7.0,0.00,0.00,0.00,7.1,14.8,93
2025-05-07T04:00,6.6,0.00,0.00,0.00,7.0,14.4,100
2025-05-07T05:00,6.3,0.00,0.00,0.00,7.6,15.1,100
2025-05-07T06:00,6.1,0.00,0.00,0.00,8.5,17.3,100
2025-05-07T07:00,6.8,0.00,0.00,0.00,6.9,18.0,99
2025-05-07T08:00,8.3,0.00,0.00,0.00,8.2,20.9,100
2025-05-07T09:00,10.1,0.00,0.00,0.00,14.5,33.5,98
2025-05-07T10:00,11.7,0.00,0.00,0.00,16.2,40.3,89
2025-05-07T11:00,13.1,0.00,0.00,0.00,14.7,40.3,85
2025-05-07T12:00,14.0,0.00,0.00,0.00,13.9,38.2,86
2025-05-07T13:00,14.6,0.00,0.00,0.00,12.7,37.1,99
2025-05-07T14:00,16.1,0.00,0.00,0.00,13.8,36.7,100
2025-05-07T15:00,16.7,0.00,0.00,0.00,15.6,40.0,98
2025-05-07T16:00,16.4,0.00,0.00,0.00,17.2,43.2,100
2025-05-07T17:00,15.5,0.00,0.00,0.00,14.7,43.6,100
2025-05-07T18:00,14.9,0.00,0.00,0.00,15.2,37.1,100
2025-05-07T19:00,13.7,0.00,0.00,0.00,15.0,37.4,100
2025-05-07T20:00,13.2,0.00,0.00,0.00,14.7,36.0,100
2025-05-07T21:00,12.4,0.00,0.00,0.00,14.4,34.9,100
2025-05-07T22:00,11.1,0.00,0.00,0.00,13.2,34.2,96
2025-05-07T23:00,10.6,0.00,0.00,0.00,11.6,31.0,91
2025-05-08T00:00,10.2,0.00,0.00,0.00,11.3,27.0,99
2025-05-08T01:00,10.0,0.00,0.00,0.00,11.6,28.1,96
2025-05-08T02:00,9.3,0.00,0.00,0.00,10.1,23.0,98
2025-05-08T03:00,8.9,0.00,0.00,0.00,9.7,23.4,90
2025-05-08T04:00,8.8,0.00,0.00,0.00,8.4,22.7,98
2025-05-08T05:00,8.7,0.00,0.00,0.00,8.5,19.4,86
2025-05-08T06:00,8.7,0.00,0.00,0.00,9.4,22.7,39
2025-05-08T07:00,8.8,0.00,0.00,0.00,10.0,23.4,2
2025-05-08T08:00,9.9,0.00,0.00,0.00,12.2,29.9,5
2025-05-08T09:00,11.1,0.00,0.00,0.00,12.9,33.8,30
2025-05-08T10:00,12.3,0.00,0.00,0.00,11.0,33.1,51
2025-05-08T11:00,13.4,0.00,0.00,0.00,10.1,30.2,100
2025-05-08T12:00,13.7,0.00,0.00,0.00,10.2,29.2,100
2025-05-08T13:00,14.2,0.00,0.00,0.00,9.8,28.4,99
2025-05-08T14:00,15.2,0.00,0.00,0.00,9.6,28.8,68
2025-05-08T15:00,15.7,0.00,0.00,0.00,10.3,29.2,65
2025-05-08T16:00,15.8,0.00,0.00,0.00,10.9,30.2,53
2025-05-08T17:00,15.8,0.00,0.00,0.00,10.3,30.2,49
2025-05-08T18:00,15.9,0.00,0.00,0.00,11.6,28.4,85
2025-05-08T19:00,14.1,0.00,0.00,0.00,16.3,39.6,96
2025-05-08T20:00,13.3,0.00,0.00,0.00,15.1,39.2,49
2025-05-08T21:00,12.5,0.00,0.00,0.00,13.0,35.3,64
2025-05-08T22:00,11.7,0.00,0.00,0.00,11.5,29.9,41
2025-05-08T23:00,10.9,0.00,0.00,0.00,11.1,27.0,1
2025-05-09T00:00,9.9,0.00,0.00,0.00,10.3,24.8,0
2025-05-09T01:00,9.1,0.00,0.00,0.00,10.2,22.7,0
2025-05-09T02:00,7.6,0.00,0.00,0.00,10.1,21.6,0
2025-05-09T03:00,7.1,0.00,0.00,0.00,9.6,21.6,0
2025-05-09T04:00,6.7,0.00,0.00,0.00,9.3,20.2,0
2025-05-09T05:00,6.3,0.00,0.00,0.00,9.4,19.4,0
2025-05-09T06:00,6.3,0.00,0.00,0.00,9.3,19.4,0
2025-05-09T07:00,7.2,0.00,0.00,0.00,7.3,19.4,4
2025-05-09T08:00,9.2,0.00,0.00,0.00,7.7,20.9,2
2025-05-09T09:00,11.8,0.00,0.00,0.00,8.3,23.0,0
2025-05-09T10:00,14.4,0.00,0.00,0.00,9.4,27.0,0
2025-05-09T11:00,16.4,0.00,0.00,0.00,13.3,35.3,0
2025-05-09T12:00,17.1,0.00,0.00,0.00,15.8,41.8,3
2025-05-09T13:00,17.3,0.00,0.00,0.00,16.5,43.6,0
2025-05-09T14:00,18.1,0.00,0.00,0.00,15.7,42.1,0
2025-05-09T15:00,18.2,0.00,0.00,0.00,15.6,42.1,0
2025-05-09T16:00,17.9,0.00,0.00,0.00,15.8,42.5,0
2025-05-09T17:00,17.7,0.00,0.00,0.00,14.4,41.8,0
2025-05-09T18:00,17.3,0.00,0.00,0.00,13.1,37.8,0
2025-05-09T19:00,16.7,0.00,0.00,0.00,14.1,34.6,0
2025-05-09T20:00,15.8,0.00,0.00,0.00,12.9,34.6,0
2025-05-09T21:00,14.7,0.00,0.00,0.00,11.4,29.9,0
2025-05-09T22:00,13.7,0.00,0.00,0.00,11.1,26.3,0
2025-05-09T23:00,12.9,0.00,0.00,0.00,10.6,24.8,0
2025-05-10T00:00,12.2,0.00,0.00,0.00,10.9,23.4,5
2025-05-10T01:00,11.6,0.00,0.00,0.00,10.7,23.4,0
2025-05-10T02:00,10.3,0.00,0.00,0.00,9.6,21.6,0
2025-05-10T03:00,9.9,0.00,0.00,0.00,8.7,19.4,0
2025-05-10T04:00,9.5,0.00,0.00,0.00,8.5,17.6,0
2025-05-10T05:00,9.2,0.00,0.00,0.00,8.5,17.3,0
2025-05-10T06:00,9.3,0.00,0.00,0.00,8.7,17.3,0
2025-05-10T07:00,10.5,0.00,0.00,0.00,8.3,17.6,0
2025-05-10T08:00,12.6,0.00,0.00,0.00,7.1,18.7,0
2025-05-10T09:00,15.2,0.00,0.00,0.00,7.2,21.2,0
2025-05-10T10:00,17.5,0.00,0.00,0.00,8.1,24.5,0
2025-05-10T11:00,19.3,0.00,0.00,0.00,11.1,30.6,0
2025-05-10T12:00,20.2,0.00,0.00,0.00,14.2,38.5,7
2025-05-10T13:00,21.2,0.00,0.00,0.00,15.1,40.3,8
2025-05-10T14:00,21.6,0.00,0.00,0.00,14.5,40.7,1
2025-05-10T15:00,22.1,0.00,0.00,0.00,12.8,39.2,62
2025-05-10T16:00,22.7,0.00,0.00,0.00,13.4,36.4,79
2025-05-10T17:00,22.5,0.00,0.00,0.00,14.3,37.4,46
2025-05-10T18:00,21.0,0.00,0.00,0.00,14.9,37.8,50
2025-05-10T19:00,19.4,0.00,0.00,0.00,17.1,41.4,0
2025-05-10T20:00,18.4,0.00,0.00,0.00,13.9,40.7,0
2025-05-10T21:00,17.0,0.00,0.00,0.00,12.7,32.0,0
2025-05-10T22:00,15.8,0.00,0.00,0.00,11.6,29.2,0
2025-05-10T23:00,14.8,0.00,0.00,0.00,11.7,26.3,0
2025-05-11T00:00,14.1,0.00,0.00,0.00,11.3,25.9,0
2025-05-11T01:00,13.5,0.00,0.00,0.00,10.5,24.5,0
2025-05-11T02:00,12.2,0.00,0.00,0.00,9.6,20.9,77
2025-05-11T03:00,11.8,0.00,0.00,0.00,9.3,19.8,94
2025-05-11T04:00,11.5,0.00,0.00,0.00,9.2,19.1,98
2025-05-11T05:00,11.2,0.00,0.00,0.00,8.9,18.7,86
2025-05-11T06:00,11.1,0.00,0.00,0.00,9.7,19.8,79
2025-05-11T07:00,12.2,0.00,0.00,0.00,8.6,21.2,57
2025-05-11T08:00,14.1,0.00,0.00,0.00,9.1,23.4,10
2025-05-11T09:00,16.5,0.00,0.00,0.00,9.6,25.9,0
2025-05-11T10:00,18.7,0.00,0.00,0.00,10.0,28.1,2
2025-05-11T11:00,20.5,0.00,0.00,0.00,10.8,31.0,1
2025-05-11T12:00,21.9,0.00,0.00,0.00,11.0,32.0,0
2025-05-11T13:00,23.0,0.00,0.00,0.00,11.9,39.6,37
2025-05-11T14:00,23.5,0.00,0.00,0.00,13.9,38.5,33
2025-05-11T15:00,23.3,0.00,0.00,0.00,13.4,38.5,17
2025-05-11T16:00,23.8,0.00,0.00,0.00,12.5,37.4,9
2025-05-11T17:00,24.1,0.00,0.00,0.00,13.1,35.6,28
2025-05-11T18:00,23.3,0.00,0.00,0.00,14.1,35.6,32
2025-05-11T19:00,22.1,0.00,0.00,0.00,12.8,35.3,57
2025-05-11T20:00,21.2,0.00,0.00,0.00,11.2,31.3,31
2025-05-11T21:00,20.1,0.00,0.00,0.00,9.8,26.3,51
2025-05-11T22:00,19.6,0.00,0.00,0.00,8.7,22.0,89
2025-05-11T23:00,18.6,0.00,0.00,0.00,7.6,19.8,100
2025-05-12T00:00,17.8,0.00,0.00,0.00,5.2,17.3,100
2025-05-12T01:00,17.3,0.00,0.00,0.00,5.4,12.2,43
2025-05-12T02:00,15.8,0.00,0.00,0.00,1.2,6.8,64
2025-05-12T03:00,14.9,0.00,0.00,0.00,3.3,6.8,6
2025-05-12T04:00,14.2,0.00,0.00,0.00,3.8,8.3,12
2025-05-12T05:00,13.9,0.00,0.00,0.00,4.0,9.0,87
2025-05-12T06:00,14.4,0.00,0.00,0.00,4.8,10.4,83
2025-05-12T07:00,15.2,0.00,0.00,0.00,4.3,12.2,1
2025-05-12T08:00,16.6,0.00,0.00,0.00,3.8,13.0,0
2025-05-12T09:00,18.3,0.00,0.00,0.00,5.0,16.9,2
2025-05-12T10:00,19.8,0.00,0.00,0.00,7.0,29.5,6
2025-05-12T11:00,21.0,0.00,0.00,0.00,7.3,32.4,23
2025-05-12T12:00,22.1,0.00,0.00,0.00,7.4,32.0,22
2025-05-12T13:00,22.7,0.10,0.10,0.00,10.5,32.0,99
2025-05-12T14:00,23.1,0.00,0.00,0.00,9.5,31.3,26
2025-05-12T15:00,18.4,4.20,4.20,0.00,15.8,43.9,100
2025-05-12T16:00,19.7,0.00,0.00,0.00,6.6,37.1,29
2025-05-12T17:00,20.6,0.00,0.00,0.00,9.3,30.2,93
2025-05-12T18:00,19.5,0.40,0.40,0.00,11.3,30.2,54
2025-05-12T19:00,19.6,0.00,0.00,0.00,6.5,27.4,18
2025-05-12T20:00,19.1,0.00,0.00,0.00,6.6,23.8,43
2025-05-12T21:00,18.4,0.00,0.00,0.00,5.9,14.4,12
2025-05-12T22:00,17.7,0.00,0.00,0.00,5.0,11.2,7
2025-05-12T23:00,17.1,0.00,0.00,0.00,3.2,9.0,0
2025-05-13T00:00,16.5,0.00,0.00,0.00,1.8,5.8,2
2025-05-13T01:00,15.9,0.00,0.00,0.00,4.4,7.9,1
2025-05-13T02:00,15.3,0.00,0.00,0.00,5.5,10.8,21
2025-05-13T03:00,14.6,0.00,0.00,0.00,4.4,10.8,2
2025-05-13T04:00,13.8,0.00,0.00,0.00,6.8,13.7,23
2025-05-13T05:00,13.2,0.00,0.00,0.00,6.6,15.1,14
2025-05-13T06:00,13.0,0.00,0.00,0.00,5.5,13.3,41
2025-05-13T07:00,13.3,0.00,0.00,0.00,5.5,14.4,6
2025-05-13T08:00,14.6,0.00,0.00,0.00,4.3,14.4,0
2025-05-13T09:00,16.3,0.00,0.00,0.00,4.2,15.1,0
2025-05-13T10:00,18.2,0.00,0.00,0.00,5.1,18.0,0
2025-05-13T11:00,20.0,0.00,0.00,0.00,5.7,20.2,0
2025-05-13T12:00,21.6,0.00,0.00,0.00,7.8,27.4,10
2025-05-13T13:00,22.7,0.00,0.00,0.00,10.1,29.5,34
2025-05-13T14:00,23.5,0.00,0.00,0.00,10.5,30.2,13
2025-05-13T15:00,23.3,0.00,0.00,0.00,13.3,36.0,2
2025-05-13T16:00,22.7,0.00,0.00,0.00,14.6,38.5,1
2025-05-13T17:00,21.7,0.00,0.00,0.00,15.2,40.0,2
2025-05-13T18:00,20.9,0.00,0.00,0.00,14.2,39.2,0
2025-05-13T19:00,19.7,0.00,0.00,0.00,13.4,36.4,0
2025-05-13T20:00,18.6,0.00,0.00,0.00,12.7,32.8,1
2025-05-13T21:00,17.4,0.00,0.00,0.00,11.9,29.5,0
2025-05-13T22:00,16.6,0.00,0.00,0.00,10.8,27.0,0
2025-05-13T23:00,15.8,0.00,0.00,0.00,10.2,24.1,0
2025-05-14T00:00,14.8,0.00,0.00,0.00,9.9,22.0,0
2025-05-14T01:00,13.7,0.00,0.00,0.00,9.4,21.2,0
2025-05-14T02:00,11.8,0.00,0.00,0.00,9.5,20.9,0
2025-05-14T03:00,10.9,0.00,0.00,0.00,9.1,20.5,0
2025-05-14T04:00,10.3,0.00,0.00,0.00,9.3,19.8,0
2025-05-14T05:00,9.6,0.00,0.00,0.00,9.7,20.9,0
2025-05-14T06:00,9.3,0.00,0.00,0.00,9.3,22.0,0
2025-05-14T07:00,9.9,0.00,0.00,0.00,8.2,20.9,0
2025-05-14T08:00,11.6,0.00,0.00,0.00,7.9,22.3,0
2025-05-14T09:00,13.9,0.00,0.00,0.00,9.0,25.2,0
2025-05-14T10:00,16.3,0.00,0.00,0.00,9.6,27.7,0
2025-05-14T11:00,18.6,0.00,0.00,0.00,10.7,30.6,0
2025-05-14T12:00,20.3,0.00,0.00,0.00,11.7,33.5,0
2025-05-14T13:00,21.5,0.00,0.00,0.00,11.8,34.2,0
2025-05-14T14:00,22.3,0.00,0.00,0.00,10.6,31.7,20
2025-05-14T15:00,22.7,0.00,0.00,0.00,11.6,33.5,14
2025-05-14T16:00,22.6,0.00,0.00,0.00,12.6,35.3,30
2025-05-14T17:00,22.1,0.00,0.00,0.00,13.1,36.0,40
2025-05-14T18:00,21.3,0.00,0.00,0.00,13.1,35.6,58
2025-05-14T19:00,19.9,0.00,0.00,0.00,14.5,36.4,64
2025-05-14T20:00,17.5,0.00,0.00,0.00,16.6,40.0,100
2025-05-14T21:00,15.6,0.00,0.00,0.00,14.6,39.6,100
2025-05-14T22:00,14.4,0.00,0.00,0.00,12.8,34.2,60
2025-05-14T23:00,13.0,0.00,0.00,0.00,13.1,31.0,21
2025-05-15T00:00,11.7,0.00,0.00,0.00,12.8,31.0,14
2025-05-15T01:00,10.8,0.00,0.00,0.00,12.3,30.2,3
2025-05-15T02:00,9.7,0.00,0.00,0.00,11.3,25.9,9
2025-05-15T03:00,9.3,0.00,0.00,0.00,10.4,26.3,26
2025-05-15T04:00,9.0,0.00,0.00,0.00,8.9,23.0,92
2025-05-15T05:00,8.8,0.00,0.00,0.00,8.9,20.2,97
2025-05-15T06:00,9.0,0.00,0.00,0.00,8.1,19.8,100
2025-05-15T07:00,10.0,0.00,0.00,0.00,15.1,33.5,100
2025-05-15T08:00,10.9,0.00,0.00,0.00,15.0,36.0,100
2025-05-15T09:00,11.7,0.00,0.00,0.00,15.3,37.1,100
2025-05-15T10:00,12.6,0.00,0.00,0.00,15.3,37.4,100
2025-05-15T11:00,13.7,0.00,0.00,0.00,16.2,40.3,100
2025-05-15T12:00,14.6,0.00,0.00,0.00,16.6,41.8,100
2025-05-15T13:00,15.3,0.00,0.00,0.00,17.5,43.9,100
2025-05-15T14:00,13.6,0.00,0.00,0.00,18.3,45.4,100
2025-05-15T15:00,14.3,0.00,0.00,0.00,19.0,46.1,100
2025-05-15T16:00,14.5,0.00,0.00,0.00,17.6,46.4,100
2025-05-15T17:00,14.7,0.00,0.00,0.00,18.2,43.9,100
2025-05-15T18:00,14.5,0.00,0.00,0.00,17.2,43.9,100
2025-05-15T19:00,14.3,0.00,0.00,0.00,16.8,41.4,100
2025-05-15T20:00,14.2,0.00,0.00,0.00,15.4,40.0,100
2025-05-15T21:00,13.7,0.00,0.00,0.00,11.7,40.0,47
2025-05-15T22:00,13.1,0.00,0.00,0.00,10.5,26.6,22
2025-05-15T23:00,12.3,0.00,0.00,0.00,9.9,23.4,8
2025-05-16T00:00,11.5,0.00,0.00,0.00,9.8,21.6,0
2025-05-16T01:00,10.6,0.00,0.00,0.00,10.1,21.6,0
2025-05-16T02:00,9.4,0.00,0.00,0.00,9.7,21.2,0
2025-05-16T03:00,8.8,0.00,0.00,0.00,9.2,20.5,0
2025-05-16T04:00,8.2,0.00,0.00,0.00,9.1,19.1,0
2025-05-16T05:00,7.8,0.00,0.00,0.00,8.7,18.7,0
2025-05-16T06:00,7.8,0.00,0.00,0.00,8.4,18.0,0
2025-05-16T07:00,8.7,0.00,0.00,0.00,6.2,16.6,0
2025-05-16T08:00,10.3,0.00,0.00,0.00,7.2,19.8,0
2025-05-16T09:00,12.3,0.00,0.00,0.00,7.7,22.0,0
2025-05-16T10:00,14.3,0.00,0.00,0.00,8.7,25.2,0
2025-05-16T11:00,16.2,0.00,0.00,0.00,9.6,28.1,0
2025-05-16T12:00,17.4,0.00,0.00,0.00,10.7,31.0,3
2025-05-16T13:00,17.9,0.00,0.00,0.00,11.1,32.8,5
2025-05-16T14:00,17.5,0.00,0.00,0.00,9.8,32.8,6
2025-05-16T15:00,18.2,0.00,0.00,0.00,10.3,30.2,5
2025-05-16T16:00,18.7,0.00,0.00,0.00,12.4,33.8,11
2025-05-16T17:00,18.3,0.00,0.00,0.00,14.1,37.1,10
2025-05-16T18:00,17.6,0.00,0.00,0.00,13.6,37.1,0
2025-05-16T19:00,16.5,0.00,0.00,0.00,13.1,34.9,1
2025-05-16T20:00,14.8,0.00,0.00,0.00,13.2,33.1,0
2025-05-16T21:00,13.0,0.00,0.00,0.00,13.3,32.0,5
2025-05-16T22:00,11.8,0.00,0.00,0.00,14.1,32.8,83
2025-05-16T23:00,11.6,0.00,0.00,0.00,14.6,34.6,100
2025-05-17T00:00,11.6,0.00,0.00,0.00,13.8,34.9,100
2025-05-17T01:00,11.4,0.00,0.00,0.00,12.4,32.0,15
2025-05-17T02:00,10.7,0.00,0.00,0.00,10.2,29.5,12
2025-05-17T03:00,10.1,0.00,0.00,0.00,9.7,23.4,13
2025-05-17T04:00,9.5,0.00,0.00,0.00,10.1,22.0,15
2025-05-17T05:00,9.1,0.00,0.00,0.00,10.1,22.0,100
2025-05-17T06:00,9.4,0.00,0.00,0.00,11.9,26.6,100
2025-05-17T07:00,9.9,0.00,0.00,0.00,13.8,32.4,100
2025-05-17T08:00,10.7,0.00,0.00,0.00,13.6,33.5,100
2025-05-17T09:00,11.7,0.00,0.00,0.00,13.6,34.2,91
2025-05-17T10:00,13.1,0.00,0.00,0.00,12.7,33.8,46
2025-05-17T11:00,14.6,0.00,0.00,0.00,11.7,33.1,69
2025-05-17T12:00,16.3,0.00,0.00,0.00,10.1,32.0,36
2025-05-17T13:00,17.4,0.00,0.00,0.00,8.8,29.5,10
2025-05-17T14:00,17.8,0.00,0.00,0.00,10.2,29.9,96
2025-05-17T15:00,18.2,0.00,0.00,0.00,9.8,30.2,7
2025-05-17T16:00,18.5,0.00,0.00,0.00,8.5,29.2,8
2025-05-17T17:00,18.8,0.00,0.00,0.00,7.1,26.3,8
2025-05-17T18:00,18.8,0.00,0.00,0.00,7.2,22.7,5
2025-05-17T19:00,18.3,0.00,0.00,0.00,9.4,24.5,2
2025-05-17T20:00,17.2,0.00,0.00,0.00,11.0,26.3,0
2025-05-17T21:00,16.3,0.00,0.00,0.00,8.7,26.3,0
2025-05-17T22:00,15.7,0.00,0.00,0.00,6.0,19.1,0
2025-05-17T23:00,15.3,0.00,0.00,0.00,5.0,10.8,0
2025-05-18T00:00,14.4,0.00,0.00,0.00,7.2,14.0,0
2025-05-18T01:00,13.0,0.00,0.00,0.00,7.5,15.5,0
2025-05-18T02:00,11.3,0.00,0.00,0.00,8.3,18.7,11
2025-05-18T03:00,10.3,0.00,0.00,0.00,7.7,18.7,80
2025-05-18T04:00,9.8,0.00,0.00,0.00,7.7,18.0,100
2025-05-18T05:00,9.7,0.00,0.00,0.00,8.7,20.5,84
2025-05-18T06:00,9.4,0.00,0.00,0.00,9.2,22.3,45
2025-05-18T07:00,9.5,0.00,0.00,0.00,9.1,23.0,100
2025-05-18T08:00,10.1,0.00,0.00,0.00,9.7,25.2,100
2025-05-18T09:00,11.3,0.00,0.00,0.00,9.1,25.9,64
2025-05-18T10:00,13.1,0.00,0.00,0.00,8.0,25.2,24
2025-05-18T11:00,14.4,0.00,0.00,0.00,7.3,24.5,37
2025-05-18T12:00,15.6,0.00,0.00,0.00,8.1,25.9,70
2025-05-18T13:00,16.8,0.00,0.00,0.00,8.4,27.0,23
2025-05-18T14:00,15.1,0.00,0.00,0.00,7.9,27.0,100
2025-05-18T15:00,15.9,0.00,0.00,0.00,8.1,26.3,78
2025-05-18T16:00,16.5,0.00,0.00,0.00,7.0,25.9,63
2025-05-18T17:00,17.2,0.00,0.00,0.00,6.6,23.0,67
2025-05-18T18:00,17.8,0.00,0.00,0.00,7.7,22.7,45
2025-05-18T19:00,17.9,0.00,0.00,0.00,8.4,23.0,69
2025-05-18T20:00,17.2,0.00,0.00,0.00,12.9,29.9,89
2025-05-18T21:00,15.0,0.00,0.00,0.00,12.6,33.8,29
2025-05-18T22:00,13.4,0.00,0.00,0.00,10.1,29.5,11
2025-05-18T23:00,12.3,0.00,0.00,0.00,8.5,24.5,39
2025-05-19T00:00,12.1,0.00,0.00,0.00,7.9,20.2,98
2025-05-19T01:00,12.0,0.00,0.00,0.00,6.3,19.1,68
2025-05-19T02:00,11.5,0.00,0.00,0.00,8.0,21.2,69
2025-05-19T03:00,11.4,0.00,0.00,0.00,7.6,19.1,44
2025-05-19T04:00,11.2,0.00,0.00,0.00,8.9,20.9,100
2025-05-19T05:00,10.7,0.00,0.00,0.00,10.5,24.5,100
2025-05-19T06:00,10.6,0.00,0.00,0.00,9.0,24.5,85
2025-05-19T07:00,10.9,0.00,0.00,0.00,8.0,22.0,15
2025-05-19T08:00,12.0,0.00,0.00,0.00,9.3,24.8,50
2025-05-19T09:00,13.5,0.00,0.00,0.00,8.4,25.2,75
2025-05-19T10:00,14.8,0.00,0.00,0.00,8.6,25.9,68
2025-05-19T11:00,15.5,0.00,0.00,0.00,10.5,28.8,86
2025-05-19T12:00,16.6,0.10,0.10,0.00,11.5,30.2,100
2025-05-19T13:00,18.0,0.10,0.10,0.00,13.0,34.6,100
2025-05-19T14:00,19.0,0.00,0.00,0.00,14.9,38.5,58
2025-05-19T15:00,19.3,0.00,0.00,0.00,14.6,39.2,23
2025-05-19T16:00,19.7,0.00,0.00,0.00,13.8,37.8,23
2025-05-19T17:00,19.2,0.00,0.00,0.00,13.8,36.4,18
2025-05-19T18:00,18.6,0.00,0.00,0.00,13.4,36.0,15
2025-05-19T19:00,17.6,0.00,0.00,0.00,12.5,34.2,14
2025-05-19T20:00,16.5,0.00,0.00,0.00,11.7,31.7,9
2025-05-19T21:00,15.3,0.00,0.00,0.00,11.1,28.1,2
2025-05-19T22:00,14.6,0.00,0.00,0.00,10.0,25.6,1
2025-05-19T23:00,13.9,0.00,0.00,0.00,10.4,22.7,1
2025-05-20T00:00,13.0,0.00,0.00,0.00,10.0,22.7,1
2025-05-20T01:00,12.2,0.00,0.00,0.00,9.0,21.2,1
2025-05-20T02:00,11.0,0.00,0.00,0.00,8.5,18.7,0
2025-05-20T03:00,10.3,0.00,0.00,0.00,8.5,17.3,0
2025-05-20T04:00,9.8,0.00,0.00,0.00,8.7,17.6,0
2025-05-20T05:00,9.3,0.00,0.00,0.00,8.5,17.6,0
2025-05-20T06:00,9.2,0.00,0.00,0.00,7.5,17.3,0
2025-05-20T07:00,10.0,0.00,0.00,0.00,6.1,16.2,0
2025-05-20T08:00,11.8,0.00,0.00,0.00,6.4,18.7,0
2025-05-20T09:00,14.1,0.00,0.00,0.00,6.7,20.9,0
2025-05-20T10:00,16.4,0.00,0.00,0.00,6.9,22.3,0
2025-05-20T11:00,18.3,0.00,0.00,0.00,6.8,23.4,37
2025-05-20T12:00,19.8,0.00,0.00,0.00,6.5,23.4,51
2025-05-20T13:00,21.1,0.00,0.00,0.00,5.0,23.0,77
2025-05-20T14:00,21.8,0.00,0.00,0.00,2.7,16.9,100
2025-05-20T15:00,22.4,0.00,0.00,0.00,3.0,16.2,100
2025-05-20T16:00,22.7,0.00,0.00,0.00,3.8,16.9,100
2025-05-20T17:00,22.4,0.00,0.00,0.00,7.8,23.8,100
2025-05-20T18:00,21.2,0.00,0.00,0.00,11.5,30.6,100
2025-05-20T19:00,20.3,0.00,0.00,0.00,7.8,30.6,100
2025-05-20T20:00,19.9,0.00,0.00,0.00,5.3,20.5,100
2025-05-20T21:00,18.2,0.00,0.00,0.00,10.5,24.5,100
2025-05-20T22:00,17.1,0.00,0.00,0.00,8.7,25.6,100
2025-05-20T23:00,16.6,0.00,0.00,0.00,6.2,20.9,100
